1,Smart Vacuum Cleaner,Z0JP74F0,"[{},{},{},{}]",mqtt,2022-12-06
2,Smart Camera,DL1XIA36,"[{},{},{},{},{}]",coap,2023-03-21
3,Smart Vacuum Cleaner,Y95Q0068,"[{},{},{},{}]",mqtt,2022-12-28
4,Smart Refrigerator,UGT7I122,"[{},{},{},{},{},{}]",mqtt,2023-06-09
5,Smart Camera,9N4V62X5,"[{},{},{},{},{}]",modbus,2023-06-12
6,Smart Oven,A436SFIZ,"[{},{},{},{},{},{}]",coap,2023-01-01
7,Smart Ceiling Fan,DP497K00,"[{},{},{},{}]",modbus,2023-04-10
8,Smart Trash Can,B4B7988P,"[{},{},{},{},{},{}]",modbus,2022-09-13
9,Smart Alarm Clock,K36FB45Z,"[{},{},{},{},{}]",modbus,2022-12-03
10,Smart Air Purifier,Y00146UB,"[{},{},{},{},{},{}]",modbus,2023-06-20
11,Smart Mirror,232Z64KQ,"[{},{},{},{},{}]",mqtt,2022-12-15
12,Smart Sprinkler System,73872BLK,"[{},{},{},{}]",coap,2022-09-24
13,Smart Oven,S9S8C49S,"[{},{},{},{}]",coap,2022-12-26
14,Smart Vacuum Cleaner,RH3987ME,"[{},{},{},{},{},{}]",modbus,2023-06-02
15,Smart Window Blinds,0HQ9WH8I,"[{},{},{},{},{},{}]",http,2023-05-08
16,Smart Humidifier,5K55RDLZ,"[{},{},{},{}]",modbus,2022-11-04
17,Smart Refrigerator,52TZ57Y0,"[{},{},{},{}]",coap,2022-08-28
18,Smart Pet Feeder,L8688OFJ,"[{},{},{},{},{}]",mqtt,2023-02-17
19,Smart Trash Can,578QZGBF,"[{},{},{},{}]",modbus,2022-11-08
20,Smart Water Heater,7066NLFI,"[{},{},{},{},{}]",http,2023-01-04
21,Smart Pet Feeder,HLF1T4VR,"[{},{},{},{}]",modbus,2023-05-07
22,Smart Trash Can,53I65V4H,"[{},{},{},{}]",coap,2023-05-28
23,Smart Smoke Detector,2OM9652K,"[{},{},{},{},{}]",modbus,2023-05-27
24,Smart Alarm Clock,95190A9C,"[{},{},{},{}]",mqtt,2023-08-03
25,Smart Oven,26NP4BBV,"[{},{},{},{},{}]",modbus,2022-12-18
26,Smart Plant Monitor,3SK2CTVD,"[{},{},{},{},{},{}]",modbus,2023-08-01
27,Connected Lightbulb,EY9Z3Z6P,"[{},{},{},{},{},{}]",modbus,2022-09-01
28,Smart Watch,C99Q2209,"[{},{},{},{}]",mqtt,2022-09-20
29,Smart Scale,00Z3AZ88,"[{},{},{},{},{},{}]",coap,2023-06-16
30,Smart Trash Can,38478674,"[{},{},{},{},{}]",modbus,2022-11-04
31,Connected Lightbulb,A5G6QB29,"[{},{},{},{},{}]",http,2022-12-09
32,Smart Pet Feeder,4119CG4Q,"[{},{},{},{},{},{}]",coap,2023-05-07
33,Smart Window Blinds,07D6306N,"[{},{},{},{},{}]",coap,2022-11-28
34,Smart Mirror,83QWO80Y,"[{},{},{},{},{},{}]",modbus,2022-10-19
35,Smart Pet Feeder,MCVVN28E,"[{},{},{},{}]",coap,2023-06-30
36,Smart Oven,09F21H76,"[{},{},{},{},{},{}]",coap,2022-12-06
37,Smart Humidifier,809ZS1FX,"[{},{},{},{},{}]",modbus,2023-03-25
38,Smart Scale,N66FJDXF,"[{},{},{},{}]",modbus,2023-03-06
39,Smart Plug,E8CM66P1,"[{},{},{},{},{},{}]",modbus,2023-07-06
40,Smart Window Blinds,8M5RG8E5,"[{},{},{},{},{}]",coap,2022-12-21
41,Smart Plant Monitor,0UN619B3,"[{},{},{},{},{},{}]",http,2023-04-06
42,Smart TV,B8870PXL,"[{},{},{},{},{},{}]",modbus,2023-06-17
43,Smart Watch,9TI3KA0I,"[{},{},{},{},{}]",modbus,2022-08-20
44,Smart Humidifier,5K5AE51S,"[{},{},{},{}]",modbus,2023-01-23
45,Smart Humidifier,M4V1JR24,"[{},{},{},{},{}]",mqtt,2023-08-07
46,Smart Ceiling Fan,8969YI12,"[{},{},{},{},{},{}]",modbus,2023-02-04
47,Smart Air Purifier,30POH77R,"[{},{},{},{},{},{}]",http,2022-11-11
48,Smart Lock,F15FFH2O,"[{},{},{},{},{},{}]",http,2022-09-13
49,Smart Garage Door Opener,WEFGXDAB,"[{},{},{},{},{}]",modbus,2022-10-01
50,Smart Garage Door Opener,D5M300K6,"[{},{},{},{}]",coap,2023-05-14
51,Smart Air Purifier,524H077C,"[{},{},{},{},{}]",modbus,2022-09-18
52,Smart Refrigerator,RMH35KXU,"[{},{},{},{},{}]",modbus,2023-04-26
53,Connected Lightbulb,23RXZGY0,"[{},{},{},{}]",coap,2023-07-25
54,Smart Refrigerator,50ME33O9,"[{},{},{},{},{},{}]",mqtt,2022-12-12
55,Connected Lightbulb,RBFJ5I17,"[{},{},{},{},{},{}]",mqtt,2023-07-06
56,Smart Speaker,3Y3GD70M,"[{},{},{},{}]",modbus,2023-04-09
57,Connected Lightbulb,EYOP0A7B,"[{},{},{},{},{}]",http,2023-06-29
58,Smart Alarm Clock,8Y307B63,"[{},{},{},{},{}]",modbus,2022-11-15
59,Smart Ceiling Fan,2SS57VA9,"[{},{},{},{}]",modbus,2022-10-11
60,Smart Coffee Maker,Y219HXD3,"[{},{},{},{},{}]",http,2022-10-04
61,Smart Sprinkler System,1EN7NU78,"[{},{},{},{}]",http,2023-07-06
62,Smart Water Heater,14O170A3,"[{},{},{},{},{}]",coap,2023-02-17
63,Smart Door Sensor,A1M9T84D,"[{},{},{},{}]",coap,2022-10-31
64,Smart Camera,546913ZE,"[{},{},{},{},{},{}]",http,2023-06-20
65,Smart Camera,MK6P22VC,"[{},{},{},{}]",modbus,2022-10-29
66,Smart Plug,HXQO5Z34,"[{},{},{},{},{}]",mqtt,2023-06-01
67,Smart Fitness Tracker,02H2C489,"[{},{},{},{},{},{}]",http,2023-04-05
68,Smart Camera,W6UOQ9RE,"[{},{},{},{},{},{}]",http,2023-04-06
69,Smart Thermostat,NMXBP155,"[{},{},{},{},{},{}]",mqtt,2023-03-15
70,Smart Window Blinds,JMHP5RU4,"[{},{},{},{},{},{}]",modbus,2023-08-01
71,Smart Window Blinds,2267TZN6,"[{},{},{},{},{}]",http,2023-07-28
72,Smart Vacuum Cleaner,4L4U134M,"[{},{},{},{},{}]",modbus,2023-02-05
73,Smart Water Heater,KMQB9GZY,"[{},{},{},{}]",coap,2023-01-28
74,Smart Plug,085W5CBK,"[{},{},{},{}]",mqtt,2023-05-14
75,Smart Water Heater,VL029260,"[{},{},{},{}]",modbus,2023-02-20
76,Smart Trash Can,48IT97WW,"[{},{},{},{},{}]",http,2023-01-08
77,Smart Lock,A13SW823,"[{},{},{},{},{},{}]",mqtt,2023-01-10
78,Smart Speaker,7478CC53,"[{},{},{},{}]",http,2023-04-10
79,Smart Garage Door Opener,WPFZ8I2V,"[{},{},{},{},{}]",http,2022-11-16
80,Smart Garage Door Opener,87SP9I35,"[{},{},{},{},{}]",modbus,2023-01-16
81,Smart Lock,D4Z2V6F0,"[{},{},{},{}]",http,2023-08-12
82,Smart Water Heater,5E62DA45,"[{},{},{},{},{},{}]",coap,2022-10-28
83,Smart Plant Monitor,529V6SZ2,"[{},{},{},{}]",mqtt,2022-11-25
84,Smart Sprinkler System,U23N60GC,"[{},{},{},{},{},{}]",coap,2023-07-03
85,Smart Watch,F67XG056,"[{},{},{},{},{}]",http,2023-02-16
86,Smart Alarm Clock,12AG3X4K,"[{},{},{},{}]",modbus,2022-12-24
87,Connected Lightbulb,6K74PGI8,"[{},{},{},{},{}]",modbus,2022-11-29
88,Smart Doorbell,4OXATM5S,"[{},{},{},{},{},{}]",coap,2023-07-23
89,Smart Pet Feeder,9OYNQY72,"[{},{},{},{},{},{}]",http,2023-06-28
90,Smart Refrigerator,F0J420UD,"[{},{},{},{},{},{}]",mqtt,2023-06-23
91,Smart Window Blinds,GJ5K90D0,"[{},{},{},{},{}]",mqtt,2023-08-04
92,Smart Smoke Detector,4SBV26A0,"[{},{},{},{},{},{}]",http,2022-09-09
93,Smart Plant Monitor,B4RJ5H1C,"[{},{},{},{},{},{}]",http,2022-09-22
94,Smart Ceiling Fan,4S02WCTY,"[{},{},{},{}]",modbus,2023-04-23
95,Smart Speaker,I57580C2,"[{},{},{},{},{}]",mqtt,2022-11-04
96,Smart Smoke Detector,14CBAWAG,"[{},{},{},{}]",coap,2023-06-06
97,Smart Window Blinds,Z698RF04,"[{},{},{},{},{},{}]",modbus,2023-02-27
98,Smart Door Sensor,45BQSCV9,"[{},{},{},{},{},{}]",modbus,2023-01-09
99,Smart Lock,RKKSK8J9,"[{},{},{},{},{}]",mqtt,2023-08-02
100,Smart Mirror,R4Z1TO86,"[{},{},{},{},{},{}]",mqtt,2022-12-14
101,Smart Watch,HABOVBLW,"[{},{},{},{},{},{}]",http,2023-06-26
102,Smart Refrigerator,6XGMS36G,"[{},{},{},{},{},{}]",coap,2022-10-28
103,Smart Watch,VW1H6LR4,"[{},{},{},{},{},{}]",mqtt,2022-09-23
104,Smart Smoke Detector,7Y8B9771,"[{},{},{},{},{},{}]",mqtt,2023-08-11
105,Smart Sprinkler System,SYC4WNVC,"[{},{},{},{}]",http,2023-01-15
106,Smart Coffee Maker,QIZWN2AR,"[{},{},{},{},{}]",modbus,2023-02-12
107,Smart Water Heater,PZ9825M2,"[{},{},{},{},{},{}]",modbus,2023-03-04
108,Smart Thermostat,6RJ94MLU,"[{},{},{},{},{},{}]",modbus,2023-05-09
109,Smart Door Sensor,3H08C3R3,"[{},{},{},{}]",modbus,2023-03-20
110,Smart Scale,A88545M7,"[{},{},{},{}]",http,2023-08-15
111,Smart Camera,BH86K4AB,"[{},{},{},{},{}]",http,2023-04-29
112,Smart Doorbell,R7M1VC4G,"[{},{},{},{},{},{}]",mqtt,2022-10-05
113,Smart Air Purifier,SN3WUMM6,"[{},{},{},{},{}]",coap,2022-12-02
114,Smart Thermostat,Z6F9G2Z9,"[{},{},{},{},{},{}]",modbus,2023-08-12
115,Smart Coffee Maker,22R0455Q,"[{},{},{},{}]",coap,2022-12-20
116,Smart Plant Monitor,2PS9D8N4,"[{},{},{},{},{},{}]",mqtt,2023-03-23
117,Smart Coffee Maker,PWIAKSHA,"[{},{},{},{},{},{}]",modbus,2023-04-21
118,Smart Smoke Detector,1NE2M7YR,"[{},{},{},{}]",coap,2023-04-02
119,Smart Scale,64LV85CJ,"[{},{},{},{},{},{}]",mqtt,2022-12-06
120,Smart Garage Door Opener,D7U11025,"[{},{},{},{},{},{}]",modbus,2022-10-05
121,Smart Oven,F9U5SQ9Q,"[{},{},{},{}]",http,2023-04-02
122,Smart Door Sensor,R3FOYJXG,"[{},{},{},{},{},{}]",http,2022-12-26
123,Smart Alarm Clock,B5T1TH3Y,"[{},{},{},{}]",coap,2023-05-16
124,Smart Coffee Maker,J5ELCJ1J,"[{},{},{},{},{},{}]",mqtt,2022-12-07
125,Smart Ceiling Fan,O4EU4YKB,"[{},{},{},{},{}]",modbus,2023-01-16
126,Smart Door Sensor,Q2340395,"[{},{},{},{},{},{}]",modbus,2023-03-26
127,Smart Trash Can,JFUEEP84,"[{},{},{},{},{}]",coap,2023-03-31
128,Smart Oven,I563U6P4,"[{},{},{},{},{},{}]",mqtt,2022-12-20
129,Smart Water Heater,579G6C3J,"[{},{},{},{}]",http,2022-10-20
130,Smart Trash Can,T229KCRP,"[{},{},{},{}]",coap,2023-05-15
131,Smart Pet Feeder,HMWH4YO0,"[{},{},{},{},{},{}]",mqtt,2023-04-07
132,Smart Door Sensor,05N7OZI1,"[{},{},{},{},{}]",modbus,2022-09-14
133,Smart Water Heater,2360UE92,"[{},{},{},{},{},{}]",modbus,2022-12-30
134,Smart Water Heater,28EC9G9L,"[{},{},{},{},{},{}]",mqtt,2022-10-04
135,Smart Smoke Detector,441053M1,"[{},{},{},{},{},{}]",modbus,2022-09-01
136,Smart Plant Monitor,25XU8901,"[{},{},{},{},{},{}]",http,2023-05-25
137,Smart Trash Can,719X9020,"[{},{},{},{},{}]",http,2023-08-05
138,Smart Garage Door Opener,9SK4WH1O,"[{},{},{},{}]",mqtt,2023-05-20
139,Smart Smoke Detector,9089CH8U,"[{},{},{},{},{},{}]",coap,2023-02-06
140,Smart Sprinkler System,JBIF0LY7,"[{},{},{},{},{}]",modbus,2023-04-20
141,Smart Thermostat,U13JB39W,"[{},{},{},{},{}]",modbus,2022-12-18
142,Smart Window Blinds,U3G49U00,"[{},{},{},{},{}]",modbus,2023-06-23
143,Smart Oven,Z3ITF3N1,"[{},{},{},{}]",http,2023-07-08
144,Smart TV,OCN5282T,"[{},{},{},{},{},{}]",mqtt,2023-08-01
145,Smart Mirror,5T85I167,"[{},{},{},{},{}]",coap,2023-05-11
146,Smart Coffee Maker,OF4UXPVM,"[{},{},{},{}]",coap,2023-02-03
147,Smart Ceiling Fan,5A8E8283,"[{},{},{},{}]",modbus,2022-12-13
148,Smart Water Heater,V8BQE9EU,"[{},{},{},{},{},{}]",modbus,2022-09-21
149,Smart Speaker,2IVD6A87,"[{},{},{},{},{}]",modbus,2023-06-10
150,Smart Speaker,MM9K0L50,"[{},{},{},{},{}]",mqtt,2023-04-08
151,Smart Pet Feeder,AIH2750K,"[{},{},{},{},{}]",http,2023-01-11
152,Smart TV,KJMC54FF,"[{},{},{},{}]",modbus,2023-03-19
153,Smart Camera,P407T64T,"[{},{},{},{}]",modbus,2023-07-05
154,Connected Lightbulb,SKJJHU8W,"[{},{},{},{}]",mqtt,2023-04-18
155,Smart Speaker,KOA3B4G6,"[{},{},{},{},{},{}]",modbus,2022-09-06
156,Smart Water Heater,1388SF78,"[{},{},{},{},{}]",coap,2023-04-12
157,Smart Pet Feeder,ZHOW9I6B,"[{},{},{},{},{},{}]",coap,2022-11-13
158,Smart Watch,0T46KSJ0,"[{},{},{},{},{},{}]",coap,2023-07-10
159,Smart Garage Door Opener,JE75XSA9,"[{},{},{},{},{}]",coap,2023-01-02
160,Smart Plug,LF1V81AB,"[{},{},{},{},{},{}]",modbus,2022-12-10
161,Smart Camera,3HMB3940,"[{},{},{},{},{},{}]",mqtt,2023-07-12
162,Smart Refrigerator,52UHB407,"[{},{},{},{},{},{}]",http,2022-09-02
163,Smart Doorbell,7K78N120,"[{},{},{},{},{},{}]",coap,2023-05-18
164,Smart Scale,4ZJ57OU7,"[{},{},{},{},{},{}]",mqtt,2023-07-25
165,Smart Fitness Tracker,URMZ538L,"[{},{},{},{}]",coap,2023-01-19
166,Smart TV,ENXI4RX3,"[{},{},{},{},{},{}]",http,2023-08-06
167,Smart Sprinkler System,QU5JH7EL,"[{},{},{},{},{},{}]",coap,2022-10-18
168,Smart Smoke Detector,09OZ1NI7,"[{},{},{},{},{}]",coap,2023-05-11
169,Smart Air Purifier,MYO4DODB,"[{},{},{},{},{}]",coap,2023-06-04
170,Connected Lightbulb,BE4V6VYW,"[{},{},{},{},{}]",modbus,2023-02-15
171,Smart Water Heater,53NBV8A8,"[{},{},{},{}]",coap,2022-12-15
172,Smart Doorbell,SIPJJV9W,"[{},{},{},{}]",http,2022-09-07
173,Smart Thermostat,9183479J,"[{},{},{},{},{}]",mqtt,2022-12-09
174,Smart Oven,XFHKSH63,"[{},{},{},{}]",coap,2022-12-02
175,Smart Air Purifier,65GKDPQM,"[{},{},{},{},{}]",http,2022-12-19
176,Smart Pet Feeder,ATZ45159,"[{},{},{},{},{}]",http,2023-07-26
177,Smart Pet Feeder,BV18RP30,"[{},{},{},{},{}]",http,2022-12-07
178,Smart Scale,56689GTZ,"[{},{},{},{}]",http,2023-03-08
179,Smart Plug,12A8YTHH,"[{},{},{},{},{},{}]",modbus,2023-07-24
180,Smart Lock,QK7EJ831,"[{},{},{},{},{}]",http,2023-05-22
181,Smart Sprinkler System,6CRKQ265,"[{},{},{},{},{},{}]",coap,2022-11-15
182,Smart Watch,8TSN59OZ,"[{},{},{},{},{}]",modbus,2023-06-28
183,Connected Lightbulb,G0J08GEU,"[{},{},{},{},{}]",mqtt,2022-12-04
184,Smart Doorbell,FI4BQTK5,"[{},{},{},{},{},{}]",mqtt,2022-11-13
185,Smart Mirror,682631F2,"[{},{},{},{},{}]",mqtt,2023-05-20
186,Smart Alarm Clock,PU7378FT,"[{},{},{},{},{},{}]",modbus,2023-05-15
187,Connected Lightbulb,0R243TAY,"[{},{},{},{}]",modbus,2023-06-13
188,Smart Lock,0NNYO6H0,"[{},{},{},{},{}]",coap,2023-04-15
189,Smart Trash Can,8509O745,"[{},{},{},{}]",mqtt,2023-02-15
190,Smart Humidifier,E344ZJ2F,"[{},{},{},{},{}]",modbus,2023-04-11
191,Smart Smoke Detector,237HIYL5,"[{},{},{},{},{}]",mqtt,2023-04-08
192,Smart Sprinkler System,672SFH4R,"[{},{},{},{},{}]",modbus,2022-11-22
193,Smart Water Heater,54LZ80JM,"[{},{},{},{}]",coap,2023-03-23
194,Smart Mirror,Y9Z93H38,"[{},{},{},{},{},{}]",mqtt,2023-03-12
195,Smart Speaker,HJ9W5PG6,"[{},{},{},{},{}]",modbus,2022-11-29
196,Smart Humidifier,HVS44WUO,"[{},{},{},{},{},{}]",modbus,2023-02-06
197,Smart Trash Can,83U71186,"[{},{},{},{}]",http,2022-09-30
198,Smart Plant Monitor,CC5D1ADM,"[{},{},{},{},{},{}]",http,2023-02-26
199,Smart Scale,8WEIVT9J,"[{},{},{},{},{}]",coap,2023-07-10
200,Smart Oven,RI9Y413J,"[{},{},{},{}]",coap,2023-06-25
201,Smart Trash Can,U8D136LK,"[{},{},{},{},{}]",coap,2022-10-14
202,Smart Speaker,S55QV5LK,"[{},{},{},{},{}]",http,2023-01-20
203,Smart Scale,7DNC7I89,"[{},{},{},{}]",modbus,2022-10-09
204,Smart Door Sensor,C2GJQ6B9,"[{},{},{},{},{}]",mqtt,2023-07-09
205,Smart Scale,4E429376,"[{},{},{},{}]",mqtt,2023-05-03
206,Smart Humidifier,089Q7138,"[{},{},{},{}]",coap,2022-10-31
207,Smart Camera,Q361TW14,"[{},{},{},{},{}]",coap,2023-01-29
208,Smart Humidifier,4SQYVGDU,"[{},{},{},{},{}]",modbus,2023-01-18
209,Smart Pet Feeder,KV32133L,"[{},{},{},{},{}]",modbus,2023-01-02
210,Smart Water Heater,L122J1E6,"[{},{},{},{},{},{}]",coap,2022-11-09
211,Smart Oven,Y5910N10,"[{},{},{},{}]",http,2023-03-14
212,Smart Scale,DOLOW4QK,"[{},{},{},{},{}]",mqtt,2022-10-07
213,Smart Ceiling Fan,WN347972,"[{},{},{},{},{},{}]",mqtt,2022-12-30
214,Smart Mirror,I106UE58,"[{},{},{},{},{},{}]",mqtt,2023-07-11
215,Smart Plug,M1438EY7,"[{},{},{},{},{},{}]",modbus,2022-09-06
216,Smart Ceiling Fan,7LI00QJU,"[{},{},{},{}]",modbus,2022-11-09
217,Smart Doorbell,I5K4YBT4,"[{},{},{},{}]",coap,2023-01-18
218,Smart Watch,8M944UXM,"[{},{},{},{},{},{}]",coap,2023-03-22
219,Smart Mirror,4IF1U5C6,"[{},{},{},{}]",coap,2023-08-09
220,Smart Watch,600Z4VU9,"[{},{},{},{},{},{}]",http,2023-02-02
221,Smart Vacuum Cleaner,Q51504C0,"[{},{},{},{}]",http,2022-12-05
222,Smart Mirror,R528K0PD,"[{},{},{},{},{},{}]",modbus,2022-12-01
223,Smart Smoke Detector,WN9688WU,"[{},{},{},{},{},{}]",modbus,2023-06-11
224,Smart Speaker,ST25Y70J,"[{},{},{},{}]",mqtt,2023-05-03
225,Smart Mirror,SGZBEQP5,"[{},{},{},{},{},{}]",coap,2022-09-06
226,Smart Scale,Y0M012AA,"[{},{},{},{},{},{}]",modbus,2023-03-12
227,Smart Garage Door Opener,S2L3AL7M,"[{},{},{},{}]",http,2023-04-29
228,Smart Plug,59GQX02L,"[{},{},{},{},{},{}]",mqtt,2023-03-27
229,Smart Water Heater,N335161A,"[{},{},{},{}]",coap,2023-05-06
230,Smart Water Heater,0547IDOT,"[{},{},{},{},{}]",modbus,2022-11-25
231,Smart Sprinkler System,63277401,"[{},{},{},{},{},{}]",http,2022-09-16
232,Smart Camera,6NG9D1FU,"[{},{},{},{},{},{}]",modbus,2022-11-30
233,Smart Thermostat,IY640OG8,"[{},{},{},{},{}]",coap,2023-02-27
234,Connected Lightbulb,1MX96K1P,"[{},{},{},{},{},{}]",modbus,2023-04-29
235,Smart TV,M4Y11DF6,"[{},{},{},{},{}]",modbus,2022-10-29
236,Smart Watch,9113NR8Y,"[{},{},{},{},{},{}]",mqtt,2022-11-14
237,Smart Doorbell,Q484B8QQ,"[{},{},{},{},{}]",coap,2022-10-12
238,Smart Fitness Tracker,WTMMQ0WW,"[{},{},{},{}]",mqtt,2022-08-20
239,Smart Doorbell,96PB17K7,"[{},{},{},{},{}]",http,2023-07-19
240,Smart Fitness Tracker,27H8XF23,"[{},{},{},{},{}]",mqtt,2023-03-18
241,Smart Scale,Q6SFG46R,"[{},{},{},{},{},{}]",modbus,2022-11-16
242,Connected Lightbulb,72KP88H8,"[{},{},{},{},{},{}]",mqtt,2023-02-20
243,Smart Speaker,78WTOZ2Q,"[{},{},{},{}]",mqtt,2022-12-21
244,Smart Fitness Tracker,B20OR7R3,"[{},{},{},{},{}]",http,2023-02-14
245,Smart Door Sensor,Z90FOQUB,"[{},{},{},{},{},{}]",mqtt,2022-10-26
246,Smart Speaker,3O9YT446,"[{},{},{},{},{}]",mqtt,2023-07-04
247,Connected Lightbulb,6QS9RI74,"[{},{},{},{},{},{}]",coap,2022-12-11
248,Smart Watch,DD723A28,"[{},{},{},{},{},{}]",mqtt,2022-11-10
249,Smart TV,5R749OAH,"[{},{},{},{},{},{}]",http,2023-04-03
250,Smart Ceiling Fan,VU155DHL,"[{},{},{},{},{}]",mqtt,2023-07-22
251,Smart Ceiling Fan,7M3RTTHR,"[{},{},{},{},{},{}]",mqtt,2023-01-18
252,Smart Window Blinds,K2017G0P,"[{},{},{},{},{}]",modbus,2023-02-08
253,Smart Ceiling Fan,WZPD1O01,"[{},{},{},{},{}]",mqtt,2022-11-05
254,Smart Alarm Clock,3429B44F,"[{},{},{},{},{}]",modbus,2022-09-09
255,Smart Coffee Maker,08Y74Z79,"[{},{},{},{},{},{}]",coap,2022-08-28
256,Smart Fitness Tracker,0TK6770W,"[{},{},{},{}]",coap,2023-03-09
257,Smart Sprinkler System,TZ11I476,"[{},{},{},{}]",modbus,2023-07-24
258,Smart Mirror,BU6BO045,"[{},{},{},{},{},{}]",mqtt,2022-11-25
259,Smart Mirror,NRV832M3,"[{},{},{},{},{}]",coap,2023-03-02
260,Smart Oven,3QFJ8PVH,"[{},{},{},{},{}]",mqtt,2023-03-23
261,Smart Alarm Clock,K064Y3NR,"[{},{},{},{},{},{}]",http,2022-10-01
262,Smart Mirror,64R494YQ,"[{},{},{},{},{}]",mqtt,2023-01-15
263,Smart Thermostat,J8D9B32A,"[{},{},{},{},{},{}]",mqtt,2023-07-12
264,Smart Smoke Detector,00Q98HW9,"[{},{},{},{}]",http,2023-08-08
265,Smart Refrigerator,S1IP63PM,"[{},{},{},{},{},{}]",mqtt,2022-09-21
266,Smart Camera,RH0PW9BB,"[{},{},{},{}]",http,2022-12-28
267,Smart Speaker,OOYH3FGU,"[{},{},{},{},{}]",coap,2023-05-14
268,Smart Humidifier,9D0EQ0HJ,"[{},{},{},{},{}]",mqtt,2023-05-28
269,Smart Vacuum Cleaner,U3U5Q8UU,"[{},{},{},{},{}]",mqtt,2023-03-18
270,Smart Humidifier,8H1V74S2,"[{},{},{},{},{},{}]",http,2023-08-16
271,Smart Vacuum Cleaner,63SG5T87,"[{},{},{},{}]",coap,2023-07-04
272,Smart Door Sensor,RFYX0066,"[{},{},{},{}]",http,2023-03-23
273,Smart Alarm Clock,L4ULROD9,"[{},{},{},{},{},{}]",coap,2022-10-24
274,Smart Water Heater,K1FSG538,"[{},{},{},{},{}]",coap,2023-05-23
275,Smart Plant Monitor,8BF73I23,"[{},{},{},{},{},{}]",http,2023-08-13
276,Smart Scale,G35PXVCR,"[{},{},{},{},{},{}]",http,2023-05-26
277,Smart Pet Feeder,60430J72,"[{},{},{},{}]",modbus,2022-09-11
278,Smart Refrigerator,30D46R1N,"[{},{},{},{}]",http,2022-12-27
279,Smart Fitness Tracker,0VM2YHBT,"[{},{},{},{}]",mqtt,2022-09-04
280,Smart TV,4E83ERO0,"[{},{},{},{},{},{}]",mqtt,2023-07-27
281,Smart Oven,47KJ5Z46,"[{},{},{},{},{}]",mqtt,2023-02-25
282,Smart Refrigerator,48NF6RM8,"[{},{},{},{},{},{}]",coap,2023-05-09
283,Smart Plug,XQ6D2744,"[{},{},{},{},{},{}]",mqtt,2022-12-08
284,Smart Smoke Detector,AHN8L64J,"[{},{},{},{},{},{}]",mqtt,2022-10-25
285,Smart Oven,88R1VL6U,"[{},{},{},{},{}]",coap,2022-09-07
286,Smart Thermostat,A3YJJ5IE,"[{},{},{},{},{},{}]",modbus,2023-03-26
287,Smart Refrigerator,N7S0TBN7,"[{},{},{},{},{}]",coap,2022-08-31
288,Smart Thermostat,SM9O137Q,"[{},{},{},{},{}]",mqtt,2023-05-08
289,Smart Ceiling Fan,G2PWEIVS,"[{},{},{},{},{}]",mqtt,2022-08-28
290,Smart Trash Can,0N16ZGM5,"[{},{},{},{},{},{}]",coap,2023-05-07
291,Smart Door Sensor,Y961601P,"[{},{},{},{},{}]",coap,2023-03-24
292,Smart Thermostat,F4K10Z7V,"[{},{},{},{},{}]",mqtt,2022-12-11
293,Smart Doorbell,3YL9B400,"[{},{},{},{},{},{}]",modbus,2022-11-24
294,Smart Speaker,F069956C,"[{},{},{},{},{},{}]",coap,2023-01-01
295,Smart Refrigerator,4702DRY7,"[{},{},{},{}]",http,2023-01-05
296,Connected Lightbulb,OH597Q17,"[{},{},{},{}]",modbus,2023-02-12
297,Smart Speaker,6PA7WH26,"[{},{},{},{},{}]",modbus,2023-03-20
298,Smart Air Purifier,6KZQ986X,"[{},{},{},{},{},{}]",mqtt,2022-11-21
299,Smart Window Blinds,LE4BCA9I,"[{},{},{},{},{}]",coap,2023-05-03
300,Smart Doorbell,K8731R4X,"[{},{},{},{}]",coap,2023-03-11
301,Smart Refrigerator,XD3QEOG2,"[{},{},{},{},{}]",http,2023-06-29
302,Smart Air Purifier,YVLY1G73,"[{},{},{},{},{}]",http,2023-02-25
303,Smart Sprinkler System,96L1D23G,"[{},{},{},{},{},{}]",modbus,2023-02-04
304,Smart Alarm Clock,FLEM7F75,"[{},{},{},{},{}]",http,2022-12-27
305,Smart Smoke Detector,8WIG3G2A,"[{},{},{},{},{}]",modbus,2023-03-15
306,Smart Water Heater,DG1OGT9E,"[{},{},{},{}]",mqtt,2022-10-09
307,Smart Watch,MRF75XNO,"[{},{},{},{},{}]",mqtt,2022-12-13
308,Smart Camera,JBC05N2F,"[{},{},{},{}]",mqtt,2023-06-02
309,Smart Coffee Maker,OO6D8G79,"[{},{},{},{},{}]",modbus,2022-09-29
310,Smart Humidifier,PFSHPTY9,"[{},{},{},{},{},{}]",http,2022-12-01
311,Smart Coffee Maker,8GH22NW9,"[{},{},{},{}]",http,2023-04-05
312,Smart Air Purifier,4R4MP9RQ,"[{},{},{},{}]",http,2022-11-03
313,Smart Window Blinds,Q6GX9M63,"[{},{},{},{}]",modbus,2022-10-07
314,Smart Pet Feeder,1YZVQITK,"[{},{},{},{},{},{}]",coap,2023-03-06
315,Smart Camera,5H859LK4,"[{},{},{},{},{}]",mqtt,2023-03-04
316,Smart Plant Monitor,15053VH9,"[{},{},{},{},{}]",coap,2022-09-13
317,Connected Lightbulb,PF4OBWZ2,"[{},{},{},{},{},{}]",mqtt,2023-05-27
318,Smart Sprinkler System,49C2Q3CA,"[{},{},{},{},{},{}]",http,2023-08-07
319,Smart Alarm Clock,2W6Q9DC2,"[{},{},{},{},{},{}]",mqtt,2022-09-05
320,Smart Pet Feeder,723G274M,"[{},{},{},{},{},{}]",coap,2023-02-15
321,Smart Oven,L0JH0Q9M,"[{},{},{},{}]",coap,2022-10-09
322,Smart Smoke Detector,DN284F45,"[{},{},{},{},{}]",http,2022-10-14
323,Smart Air Purifier,240AHH1X,"[{},{},{},{}]",http,2022-12-01
324,Smart Lock,V20U28F0,"[{},{},{},{}]",http,2022-08-23
325,Smart Camera,7T114S0A,"[{},{},{},{}]",mqtt,2022-10-17
326,Smart Oven,4BC9NDZ3,"[{},{},{},{},{}]",http,2023-07-20
327,Smart Refrigerator,X4502V77,"[{},{},{},{}]",coap,2022-12-28
328,Smart Humidifier,X76VFAJS,"[{},{},{},{},{},{}]",http,2023-04-08
329,Smart Sprinkler System,T77JOOJ1,"[{},{},{},{},{},{}]",modbus,2023-03-26
330,Smart Sprinkler System,2J8753FX,"[{},{},{},{}]",http,2023-04-25
331,Smart Window Blinds,IY3K4V38,"[{},{},{},{},{}]",http,2022-10-14
332,Smart Fitness Tracker,V195DC5H,"[{},{},{},{},{},{}]",modbus,2022-10-18
333,Smart Ceiling Fan,UT1UUZSA,"[{},{},{},{},{},{}]",http,2022-10-30
334,Smart TV,F2C6C1ZB,"[{},{},{},{},{}]",modbus,2023-03-23
335,Smart Refrigerator,736YXP7U,"[{},{},{},{},{}]",http,2023-06-09
336,Smart Sprinkler System,0XNOG0P4,"[{},{},{},{},{}]",mqtt,2023-06-06
337,Smart Thermostat,57L50NVX,"[{},{},{},{}]",mqtt,2022-11-18
338,Smart Garage Door Opener,JJ085I24,"[{},{},{},{}]",coap,2023-05-08
339,Smart Air Purifier,S24H50B9,"[{},{},{},{}]",modbus,2023-04-18
340,Smart Speaker,481YGK4U,"[{},{},{},{}]",coap,2023-01-17
341,Smart Water Heater,F219S739,"[{},{},{},{}]",modbus,2022-11-18
342,Smart Camera,7K87ON40,"[{},{},{},{},{}]",modbus,2023-05-14
343,Smart Garage Door Opener,K56957E6,"[{},{},{},{},{},{}]",mqtt,2022-09-04
344,Smart Speaker,SK1LTGG4,"[{},{},{},{},{}]",modbus,2023-03-31
345,Smart Plant Monitor,26532KIR,"[{},{},{},{}]",coap,2023-07-05
346,Smart Humidifier,OT0835K6,"[{},{},{},{},{}]",modbus,2023-04-16
347,Smart Pet Feeder,1PI1GC11,"[{},{},{},{},{},{}]",modbus,2023-03-09
348,Smart Watch,B56I76CL,"[{},{},{},{}]",mqtt,2023-04-09
349,Smart Plug,QLGHUR84,"[{},{},{},{},{},{}]",modbus,2023-01-13
350,Smart Refrigerator,OE5236QV,"[{},{},{},{},{}]",coap,2023-04-17
351,Smart Garage Door Opener,MH6WF50U,"[{},{},{},{},{}]",mqtt,2023-07-01
352,Smart Refrigerator,L3JA1UZU,"[{},{},{},{}]",coap,2023-04-11
353,Smart Pet Feeder,FXE967G3,"[{},{},{},{},{}]",http,2023-08-17
354,Smart Plant Monitor,18M0D1G6,"[{},{},{},{},{},{}]",http,2023-08-01
355,Smart Door Sensor,PYS9ECHB,"[{},{},{},{},{}]",modbus,2022-11-27
356,Smart Camera,FTSA490M,"[{},{},{},{},{}]",modbus,2023-03-04
357,Smart Sprinkler System,74EA9217,"[{},{},{},{},{},{}]",coap,2023-04-23
358,Smart Humidifier,H1W9178X,"[{},{},{},{}]",mqtt,2023-01-01
359,Smart Scale,75G6W4LB,"[{},{},{},{}]",coap,2022-11-26
360,Smart Garage Door Opener,0ZI308U1,"[{},{},{},{}]",coap,2023-06-19
361,Smart TV,UW475WTX,"[{},{},{},{}]",mqtt,2023-02-06
362,Smart Doorbell,8A12935B,"[{},{},{},{},{}]",http,2022-10-07
363,Smart Garage Door Opener,HTN46JOA,"[{},{},{},{},{},{}]",coap,2023-06-20
364,Smart Pet Feeder,88RBL564,"[{},{},{},{}]",modbus,2023-06-12
365,Smart Pet Feeder,C783447S,"[{},{},{},{},{}]",mqtt,2023-08-14
366,Smart Oven,89VS2B9E,"[{},{},{},{},{}]",http,2023-05-13
367,Smart Mirror,69B7ZILQ,"[{},{},{},{},{},{}]",mqtt,2023-06-12
368,Smart Vacuum Cleaner,H3N3QS8D,"[{},{},{},{}]",modbus,2022-09-29
369,Smart Mirror,106ERV93,"[{},{},{},{}]",http,2023-01-27
370,Smart Air Purifier,0008U5C4,"[{},{},{},{},{}]",coap,2023-06-03
371,Smart Doorbell,5UEXP40D,"[{},{},{},{},{},{}]",http,2023-05-24
372,Smart Garage Door Opener,N337B0JF,"[{},{},{},{},{},{}]",http,2023-05-19
373,Smart Scale,604J0U8G,"[{},{},{},{},{}]",mqtt,2023-01-15
374,Smart Alarm Clock,QE829M0E,"[{},{},{},{},{},{}]",coap,2023-08-06
375,Smart Vacuum Cleaner,8009D0GB,"[{},{},{},{},{},{}]",coap,2023-01-25
376,Smart Plant Monitor,337946Q7,"[{},{},{},{}]",modbus,2023-01-12
377,Smart Watch,70345050,"[{},{},{},{},{}]",http,2023-03-16
378,Smart Coffee Maker,25XSTA2Z,"[{},{},{},{},{},{}]",mqtt,2022-09-13
379,Smart Trash Can,7MF9R0BG,"[{},{},{},{},{}]",modbus,2023-03-04
380,Smart Pet Feeder,XDL5J06U,"[{},{},{},{}]",http,2023-05-13
381,Smart Pet Feeder,8125TZ4D,"[{},{},{},{},{}]",modbus,2022-10-19
382,Smart Speaker,PXPOMGM2,"[{},{},{},{},{}]",http,2023-06-19
383,Smart Coffee Maker,UT0OJ0V4,"[{},{},{},{},{},{}]",modbus,2022-10-23
384,Smart Water Heater,XL877Y4F,"[{},{},{},{},{}]",mqtt,2023-05-20
385,Smart Speaker,UI244USW,"[{},{},{},{},{},{}]",coap,2022-09-06
386,Smart Lock,2NB1A2HS,"[{},{},{},{},{}]",coap,2023-05-14
387,Smart Ceiling Fan,31F8FBRQ,"[{},{},{},{},{},{}]",coap,2022-12-29
388,Smart Pet Feeder,GE5SVS59,"[{},{},{},{},{},{}]",mqtt,2022-08-28
389,Smart Water Heater,S73B5KNL,"[{},{},{},{},{}]",modbus,2022-11-13
390,Smart Trash Can,2INWR42E,"[{},{},{},{},{}]",modbus,2023-03-05
391,Smart Smoke Detector,2YP8J884,"[{},{},{},{}]",modbus,2023-02-03
392,Smart Refrigerator,7AM51ZJ6,"[{},{},{},{},{}]",modbus,2023-05-27
393,Smart Doorbell,07QT8IA2,"[{},{},{},{},{}]",mqtt,2022-12-10
394,Smart Fitness Tracker,V6G868GA,"[{},{},{},{},{},{}]",http,2023-01-21
395,Smart Smoke Detector,3267Q219,"[{},{},{},{},{},{}]",modbus,2023-07-08
396,Smart TV,I206LW08,"[{},{},{},{},{}]",mqtt,2022-08-27
397,Smart Plug,197N1005,"[{},{},{},{},{}]",coap,2022-12-21
398,Smart Plant Monitor,00152S90,"[{},{},{},{},{},{}]",coap,2022-10-03
399,Smart Scale,RL3M94M5,"[{},{},{},{},{},{}]",mqtt,2022-08-24
400,Smart Mirror,6R658Y89,"[{},{},{},{}]",http,2022-12-11
401,Smart Air Purifier,3PK2MABC,"[{},{},{},{},{}]",http,2022-11-15
402,Smart Thermostat,5KL3PA4T,"[{},{},{},{},{},{}]",http,2023-01-14
403,Smart Alarm Clock,DLD8M1N7,"[{},{},{},{}]",mqtt,2022-12-12
404,Smart Refrigerator,F8UT20KO,"[{},{},{},{},{},{}]",mqtt,2022-10-21
405,Smart TV,QBY7QZZD,"[{},{},{},{},{}]",modbus,2023-01-22
406,Smart Thermostat,261KAI4X,"[{},{},{},{},{},{}]",http,2022-11-15
407,Smart Mirror,HUJ397Q8,"[{},{},{},{}]",modbus,2023-06-21
408,Smart Ceiling Fan,S91U75FO,"[{},{},{},{},{}]",http,2023-02-28
409,Smart Garage Door Opener,AJG6IBX2,"[{},{},{},{},{}]",coap,2023-05-03
410,Smart Speaker,8TJT64QP,"[{},{},{},{},{}]",coap,2023-05-24
411,Smart Pet Feeder,6332GN49,"[{},{},{},{}]",coap,2023-04-05
412,Smart Watch,6T5F52N9,"[{},{},{},{},{},{}]",http,2022-12-14
413,Smart Air Purifier,LW7VY3ZD,"[{},{},{},{},{}]",modbus,2023-06-30
414,Smart Coffee Maker,1OHOP5J2,"[{},{},{},{}]",modbus,2022-08-26
415,Smart Thermostat,G37N68N7,"[{},{},{},{},{},{}]",mqtt,2023-03-03
416,Smart Water Heater,95D7718O,"[{},{},{},{},{}]",http,2023-01-15
417,Smart Garage Door Opener,27MN3EG2,"[{},{},{},{}]",mqtt,2022-11-26
418,Smart Pet Feeder,J0581I43,"[{},{},{},{},{}]",coap,2023-05-09
419,Smart TV,U6600122,"[{},{},{},{},{}]",modbus,2023-03-09
420,Connected Lightbulb,135HB620,"[{},{},{},{}]",modbus,2022-09-24
421,Smart Oven,RZFE9X52,"[{},{},{},{}]",mqtt,2023-08-05
422,Smart Water Heater,71B6O87N,"[{},{},{},{},{}]",mqtt,2023-02-16
423,Connected Lightbulb,3AX9H60I,"[{},{},{},{}]",http,2022-11-12
424,Smart Trash Can,J7G5HRM5,"[{},{},{},{},{},{}]",mqtt,2023-01-30
425,Smart Plant Monitor,SPO51S0J,"[{},{},{},{},{},{}]",http,2022-11-27
426,Smart Watch,KQM1DYD6,"[{},{},{},{}]",http,2023-05-04
427,Smart Oven,KCD321W6,"[{},{},{},{},{}]",coap,2022-12-07
428,Smart Plant Monitor,2T048X99,"[{},{},{},{},{}]",mqtt,2022-09-07
429,Smart Alarm Clock,WX06615D,"[{},{},{},{},{},{}]",mqtt,2022-11-07
430,Smart Water Heater,NVO093MU,"[{},{},{},{}]",coap,2023-07-09
431,Smart Watch,IB1XK7XN,"[{},{},{},{},{},{}]",modbus,2022-10-22
432,Smart Refrigerator,QPAWRK00,"[{},{},{},{},{}]",modbus,2023-07-24
433,Smart Oven,G552GE6F,"[{},{},{},{}]",coap,2022-11-29
434,Smart Humidifier,2I8C9YZC,"[{},{},{},{}]",mqtt,2022-10-31
435,Smart Plug,7H87Z318,"[{},{},{},{}]",http,2022-10-02
436,Smart Air Purifier,YL71IH87,"[{},{},{},{},{}]",modbus,2022-09-29
437,Connected Lightbulb,U4175T00,"[{},{},{},{},{}]",http,2023-03-27
438,Smart Oven,2512IK7H,"[{},{},{},{},{}]",modbus,2022-12-09
439,Smart Oven,2T76TQHU,"[{},{},{},{}]",coap,2023-07-18
440,Smart Humidifier,35859642,"[{},{},{},{},{}]",mqtt,2023-08-12
441,Smart Water Heater,15AY4T4N,"[{},{},{},{},{},{}]",modbus,2022-09-25
442,Smart Vacuum Cleaner,1O2P57Z4,"[{},{},{},{},{}]",coap,2023-05-10
443,Smart Thermostat,T6Z70270,"[{},{},{},{},{}]",modbus,2023-07-09
444,Smart Smoke Detector,H5Q9KH4F,"[{},{},{},{},{}]",mqtt,2023-05-18
445,Smart Trash Can,805Z7637,"[{},{},{},{},{},{}]",mqtt,2023-02-17
446,Smart Door Sensor,212SJYY1,"[{},{},{},{}]",http,2023-03-30
447,Connected Lightbulb,2270BDK3,"[{},{},{},{}]",modbus,2022-12-04
448,Smart Alarm Clock,O749P5IW,"[{},{},{},{}]",mqtt,2023-06-06
449,Smart Speaker,5958SB5O,"[{},{},{},{},{},{}]",modbus,2023-05-08
450,Smart Humidifier,6T0QILT0,"[{},{},{},{},{}]",http,2022-10-18
451,Smart Refrigerator,WT1091VH,"[{},{},{},{},{},{}]",modbus,2023-02-27
452,Smart Coffee Maker,Z8CJ1F46,"[{},{},{},{},{}]",http,2023-02-15
453,Smart Coffee Maker,07TPRSSE,"[{},{},{},{},{}]",http,2023-01-05
454,Smart Trash Can,2TOF39R3,"[{},{},{},{},{},{}]",http,2023-05-18
455,Smart Mirror,4R20DG21,"[{},{},{},{},{}]",coap,2022-10-25
456,Smart Lock,BGTWGZ44,"[{},{},{},{},{}]",modbus,2023-06-13
457,Smart Lock,GD58136A,"[{},{},{},{},{}]",http,2023-05-03
458,Smart Pet Feeder,53OJWPS3,"[{},{},{},{},{}]",mqtt,2023-05-01
459,Smart Refrigerator,YY5Q3SIJ,"[{},{},{},{}]",coap,2022-12-25
460,Smart Coffee Maker,XWN6863P,"[{},{},{},{},{}]",coap,2022-09-10
461,Smart TV,6CS06018,"[{},{},{},{},{}]",http,2022-09-11
462,Smart Ceiling Fan,F21EH4JB,"[{},{},{},{},{}]",modbus,2022-11-11
463,Smart Pet Feeder,104130EU,"[{},{},{},{},{}]",coap,2023-08-03
464,Smart Watch,Y3Q4T1GV,"[{},{},{},{},{},{}]",modbus,2022-12-23
465,Smart Sprinkler System,8DGCVSZT,"[{},{},{},{}]",modbus,2022-11-29
466,Smart Window Blinds,8W909DQ3,"[{},{},{},{}]",modbus,2022-12-14
467,Smart Ceiling Fan,YW14965Y,"[{},{},{},{},{},{}]",http,2022-10-22
468,Smart Refrigerator,2699OTQR,"[{},{},{},{},{},{}]",coap,2023-07-25
469,Connected Lightbulb,1SHVZS7V,"[{},{},{},{}]",modbus,2023-08-13
470,Smart Camera,Y1WQ1NPX,"[{},{},{},{},{}]",modbus,2022-08-19
471,Smart Water Heater,09Z5EUL1,"[{},{},{},{},{}]",modbus,2023-01-21
472,Smart Plant Monitor,8P793MD5,"[{},{},{},{},{},{}]",mqtt,2022-10-24
473,Smart Sprinkler System,XJ71J337,"[{},{},{},{},{}]",modbus,2023-07-30
474,Smart Watch,19VEC23H,"[{},{},{},{}]",coap,2023-01-05
475,Smart Plant Monitor,304UD8B9,"[{},{},{},{},{},{}]",modbus,2023-04-15
476,Smart Camera,9L4YBK5Y,"[{},{},{},{},{}]",http,2023-01-23
477,Smart Plug,65324E0P,"[{},{},{},{},{},{}]",modbus,2023-01-05
478,Smart Trash Can,NZK5H6TW,"[{},{},{},{},{}]",mqtt,2023-03-06
479,Smart Mirror,381SLK8N,"[{},{},{},{},{},{}]",mqtt,2022-12-09
480,Smart Plug,1RWWLKG6,"[{},{},{},{}]",coap,2023-08-06
481,Smart TV,BBVO8800,"[{},{},{},{}]",modbus,2022-09-12
482,Smart Speaker,5P8ZDECK,"[{},{},{},{}]",modbus,2023-06-07
483,Smart TV,4UK3955M,"[{},{},{},{},{}]",http,2023-01-19
484,Smart Speaker,P30X890D,"[{},{},{},{}]",modbus,2023-07-05
485,Smart Watch,91682V3S,"[{},{},{},{},{}]",http,2023-03-22
486,Smart Plant Monitor,E2QT42HB,"[{},{},{},{},{}]",coap,2023-02-15
487,Smart Fitness Tracker,035TW00K,"[{},{},{},{},{},{}]",coap,2022-10-09
488,Smart Coffee Maker,2Q0OZ88I,"[{},{},{},{},{}]",mqtt,2022-08-19
489,Smart Air Purifier,KP371RJP,"[{},{},{},{},{},{}]",http,2023-07-23
490,Smart Door Sensor,090HRZUX,"[{},{},{},{}]",coap,2022-12-15
491,Smart Oven,M7KT63Y6,"[{},{},{},{},{},{}]",mqtt,2023-04-22
492,Smart Trash Can,O4D2B582,"[{},{},{},{},{},{}]",mqtt,2023-04-22
493,Smart Pet Feeder,Z67TMQX3,"[{},{},{},{},{},{}]",modbus,2023-01-12
494,Smart Garage Door Opener,6MI760J0,"[{},{},{},{},{}]",modbus,2022-11-04
495,Smart Ceiling Fan,OQC57416,"[{},{},{},{},{},{}]",coap,2023-06-25
496,Smart Lock,XT541361,"[{},{},{},{}]",modbus,2023-03-13
497,Smart Door Sensor,7DF6PA42,"[{},{},{},{},{},{}]",coap,2022-12-29
498,Smart Trash Can,79X0E4H6,"[{},{},{},{},{}]",mqtt,2022-10-15
499,Smart Humidifier,0ZX63EN5,"[{},{},{},{},{}]",http,2023-06-25
500,Smart Air Purifier,E784TJ19,"[{},{},{},{},{}]",coap,2023-03-23
501,Smart Trash Can,6WU2367W,"[{},{},{},{}]",modbus,2022-11-06
502,Smart Camera,8RFGH0M1,"[{},{},{},{},{}]",modbus,2023-02-19
503,Smart Camera,QUN02M73,"[{},{},{},{},{},{}]",coap,2023-05-29
504,Smart Pet Feeder,8RGY6609,"[{},{},{},{},{},{}]",coap,2023-08-04
505,Smart Ceiling Fan,W6O11FP0,"[{},{},{},{},{},{}]",mqtt,2022-09-06
506,Smart Door Sensor,B8SO0734,"[{},{},{},{}]",coap,2023-04-21
507,Smart Plug,5SZO9183,"[{},{},{},{},{},{}]",coap,2023-03-09
508,Smart Sprinkler System,RE0Q24XB,"[{},{},{},{},{},{}]",mqtt,2023-08-02
509,Smart Watch,4698B76D,"[{},{},{},{},{}]",http,2023-07-25
510,Smart Plug,9R3C8E89,"[{},{},{},{},{}]",coap,2022-12-07
511,Smart Pet Feeder,W6LJZ41H,"[{},{},{},{},{}]",modbus,2023-04-28
512,Smart Fitness Tracker,R5L60A1B,"[{},{},{},{},{},{}]",coap,2023-01-25
513,Connected Lightbulb,0MQ1V875,"[{},{},{},{},{},{}]",http,2023-06-02
514,Smart Doorbell,635R422S,"[{},{},{},{},{},{}]",modbus,2022-09-01
515,Smart Coffee Maker,JOR2T5WB,"[{},{},{},{},{},{}]",coap,2022-12-23
516,Smart Scale,0B5SICO3,"[{},{},{},{},{}]",modbus,2022-09-01
517,Smart Fitness Tracker,0C4V5H85,"[{},{},{},{},{}]",http,2023-02-02
518,Smart Window Blinds,3JJ9Y0LL,"[{},{},{},{},{},{}]",modbus,2022-08-23
519,Smart Door Sensor,19U491TU,"[{},{},{},{},{}]",mqtt,2023-05-28
520,Smart Window Blinds,9C25PZ46,"[{},{},{},{},{}]",modbus,2023-08-06
521,Smart Water Heater,74601SR9,"[{},{},{},{},{},{}]",http,2022-09-05
522,Smart Refrigerator,T5O098RA,"[{},{},{},{},{},{}]",http,2022-09-05
523,Smart Air Purifier,XHM17366,"[{},{},{},{},{}]",http,2023-03-08
524,Smart TV,6Y24794Q,"[{},{},{},{},{},{}]",coap,2023-04-28
525,Smart Fitness Tracker,3MPPLZW7,"[{},{},{},{},{},{}]",mqtt,2022-11-07
526,Smart Pet Feeder,WG1P8868,"[{},{},{},{}]",modbus,2022-09-11
527,Smart Smoke Detector,2T9S8AZT,"[{},{},{},{}]",coap,2023-02-20
528,Smart Refrigerator,MP6OM43Y,"[{},{},{},{},{}]",mqtt,2022-12-12
529,Smart Window Blinds,7TZJB6N8,"[{},{},{},{},{},{}]",mqtt,2023-06-22
530,Smart Sprinkler System,9MI06X6P,"[{},{},{},{},{}]",mqtt,2023-04-14
531,Smart Plant Monitor,A429QL59,"[{},{},{},{},{}]",http,2022-11-22
532,Smart Doorbell,C6VZFKSM,"[{},{},{},{},{},{}]",http,2023-02-24
533,Smart Plug,493Z5QBL,"[{},{},{},{},{}]",modbus,2022-12-04
534,Smart Refrigerator,28BYFBNX,"[{},{},{},{}]",modbus,2023-07-08
535,Smart Air Purifier,M1IYY3SV,"[{},{},{},{},{}]",mqtt,2022-11-24
536,Smart Pet Feeder,26N3T6HV,"[{},{},{},{},{},{}]",modbus,2023-03-10
537,Smart Ceiling Fan,Y2GX6T69,"[{},{},{},{},{},{}]",http,2023-04-21
538,Smart Pet Feeder,QP1WS549,"[{},{},{},{}]",mqtt,2022-11-29
539,Smart Lock,N10OC47D,"[{},{},{},{},{},{}]",http,2022-11-04
540,Smart Window Blinds,0UU41176,"[{},{},{},{}]",http,2023-06-15
541,Smart Air Purifier,9W3V40U9,"[{},{},{},{}]",mqtt,2023-03-01
542,Smart Garage Door Opener,RIJ6Y701,"[{},{},{},{}]",coap,2023-06-21
543,Smart Fitness Tracker,80UQ1533,"[{},{},{},{},{},{}]",mqtt,2023-03-25
544,Smart Door Sensor,73077N21,"[{},{},{},{},{}]",mqtt,2022-10-06
545,Smart Garage Door Opener,7LJ85C57,"[{},{},{},{},{}]",coap,2023-04-03
546,Smart Scale,4611201K,"[{},{},{},{},{}]",modbus,2023-06-13
547,Smart Camera,7QL9Y4D7,"[{},{},{},{},{}]",mqtt,2022-12-18
548,Smart Ceiling Fan,U78234G5,"[{},{},{},{}]",mqtt,2023-06-07
549,Smart Trash Can,3592S2OV,"[{},{},{},{}]",http,2022-12-04
550,Smart Watch,CV764RSP,"[{},{},{},{},{}]",http,2022-09-05
551,Smart Watch,4H9FVR5X,"[{},{},{},{}]",modbus,2023-01-20
552,Smart Humidifier,105KVGOH,"[{},{},{},{}]",modbus,2023-04-21
553,Smart Water Heater,0QMHF803,"[{},{},{},{},{}]",mqtt,2023-04-27
554,Smart Doorbell,0L2A7463,"[{},{},{},{},{}]",modbus,2023-07-09
555,Smart Smoke Detector,SN9R24I1,"[{},{},{},{},{},{}]",http,2023-08-05
556,Smart Refrigerator,IL7JBR5S,"[{},{},{},{},{},{}]",http,2023-07-31
557,Smart Sprinkler System,AJEBEYEI,"[{},{},{},{}]",http,2023-01-08
558,Smart Trash Can,0527701G,"[{},{},{},{},{}]",modbus,2023-01-31
559,Connected Lightbulb,74105N6X,"[{},{},{},{}]",modbus,2023-02-03
560,Smart Pet Feeder,9528JQ1E,"[{},{},{},{},{}]",modbus,2022-11-21
561,Smart Window Blinds,1ZN2JHIF,"[{},{},{},{}]",coap,2023-07-02
562,Smart Garage Door Opener,O72TXN7S,"[{},{},{},{},{},{}]",coap,2023-01-12
563,Smart Vacuum Cleaner,7MV390P0,"[{},{},{},{}]",coap,2023-01-31
564,Smart Coffee Maker,X51G0676,"[{},{},{},{},{},{}]",mqtt,2023-01-25
565,Smart Plant Monitor,793K45HS,"[{},{},{},{}]",modbus,2022-11-09
566,Smart Garage Door Opener,963AKP15,"[{},{},{},{},{}]",coap,2023-05-18
567,Smart Window Blinds,2S21DTVW,"[{},{},{},{},{}]",mqtt,2023-06-06
568,Smart Vacuum Cleaner,9LHX1GGE,"[{},{},{},{},{},{}]",modbus,2022-08-28
569,Smart Garage Door Opener,0MJH61D0,"[{},{},{},{}]",http,2023-02-17
570,Smart Vacuum Cleaner,T5C090SQ,"[{},{},{},{}]",mqtt,2023-01-19
571,Smart Ceiling Fan,Y3QGPZ7H,"[{},{},{},{}]",mqtt,2023-01-22
572,Smart Watch,0YE19XFQ,"[{},{},{},{},{},{}]",coap,2023-02-04
573,Smart Water Heater,B41B15I6,"[{},{},{},{}]",mqtt,2023-04-03
574,Smart TV,Q56795EY,"[{},{},{},{}]",mqtt,2023-08-05
575,Smart Ceiling Fan,Y712MUCD,"[{},{},{},{}]",modbus,2023-05-11
576,Smart TV,0PVRAGD9,"[{},{},{},{},{}]",coap,2023-06-08
577,Smart Pet Feeder,WABO5704,"[{},{},{},{}]",modbus,2023-03-03
578,Smart Water Heater,3J42DYX3,"[{},{},{},{}]",coap,2022-09-03
579,Smart Vacuum Cleaner,7EM0RK20,"[{},{},{},{},{},{}]",coap,2022-12-12
580,Smart Alarm Clock,W413K4KJ,"[{},{},{},{}]",modbus,2022-09-06
581,Smart Vacuum Cleaner,83BV04Q1,"[{},{},{},{},{}]",http,2023-03-01
582,Smart Oven,R0X4M9I2,"[{},{},{},{},{},{}]",mqtt,2023-05-23
583,Smart Fitness Tracker,SR14U8S2,"[{},{},{},{},{},{}]",modbus,2022-10-03
584,Smart Speaker,GPY521E9,"[{},{},{},{},{},{}]",mqtt,2023-07-24
585,Smart Refrigerator,59K6B1A4,"[{},{},{},{},{}]",modbus,2023-03-16
586,Smart Garage Door Opener,6H27A82Z,"[{},{},{},{}]",mqtt,2022-12-27
587,Smart Speaker,Y620DCHL,"[{},{},{},{},{},{}]",coap,2023-06-24
588,Smart Window Blinds,68MI515I,"[{},{},{},{},{},{}]",modbus,2023-01-12
589,Smart Oven,K60X3L4F,"[{},{},{},{},{}]",modbus,2023-01-20
590,Smart Window Blinds,W2TP411E,"[{},{},{},{},{},{}]",modbus,2023-03-11
591,Smart Doorbell,J4I3PIJQ,"[{},{},{},{},{}]",coap,2023-06-01
592,Smart Lock,65T7H08E,"[{},{},{},{},{}]",http,2023-05-15
593,Smart Pet Feeder,U26CSL6W,"[{},{},{},{},{},{}]",coap,2023-05-14
594,Smart Coffee Maker,5ZH1543X,"[{},{},{},{}]",http,2022-11-26
595,Smart Window Blinds,1TFVK869,"[{},{},{},{},{}]",modbus,2022-10-19
596,Smart Camera,0DKH16AP,"[{},{},{},{},{},{}]",mqtt,2022-09-10
597,Smart Mirror,517GC950,"[{},{},{},{},{}]",http,2022-08-24
598,Smart Oven,02RBDMFX,"[{},{},{},{}]",modbus,2022-12-24
599,Smart Oven,B1WX7TK5,"[{},{},{},{},{},{}]",coap,2023-07-04
600,Smart Door Sensor,HF302BXQ,"[{},{},{},{},{},{}]",coap,2023-08-15
601,Smart Humidifier,JC674W52,"[{},{},{},{},{},{}]",http,2022-12-18
602,Smart Refrigerator,JQFIV06L,"[{},{},{},{},{}]",modbus,2023-06-19
603,Smart Camera,DF6S6X41,"[{},{},{},{},{}]",mqtt,2023-03-05
604,Smart Fitness Tracker,3E3C5M1U,"[{},{},{},{}]",http,2023-05-12
605,Smart Plant Monitor,LXQ36868,"[{},{},{},{},{},{}]",modbus,2023-05-03
606,Smart Trash Can,688F7794,"[{},{},{},{},{}]",coap,2023-01-06
607,Smart Plug,38M0F52R,"[{},{},{},{},{},{}]",http,2023-04-21
608,Smart Fitness Tracker,868S4M06,"[{},{},{},{}]",mqtt,2022-11-13
609,Connected Lightbulb,6400B52J,"[{},{},{},{},{}]",coap,2023-02-14
610,Smart Ceiling Fan,089S11S5,"[{},{},{},{}]",mqtt,2023-06-26
611,Smart Speaker,L432EJWW,"[{},{},{},{},{}]",modbus,2023-04-17
612,Smart Scale,QO17BKQE,"[{},{},{},{},{},{}]",modbus,2023-06-07
613,Smart Trash Can,2EW4BOM9,"[{},{},{},{},{}]",modbus,2022-11-22
614,Smart Sprinkler System,1Y943MH9,"[{},{},{},{},{}]",modbus,2023-03-05
615,Smart Vacuum Cleaner,HW663NO5,"[{},{},{},{},{}]",coap,2022-11-02
616,Smart Door Sensor,E27K2SF4,"[{},{},{},{}]",mqtt,2022-09-22
617,Smart Refrigerator,HNUCI2EN,"[{},{},{},{}]",coap,2022-08-20
618,Smart TV,8088U8WK,"[{},{},{},{},{}]",coap,2022-11-21
619,Smart Sprinkler System,7T6NFJZ4,"[{},{},{},{},{},{}]",mqtt,2023-02-05
620,Smart Water Heater,L2TU0I3Q,"[{},{},{},{},{}]",coap,2022-09-13
621,Smart Thermostat,322TV7M1,"[{},{},{},{}]",coap,2022-12-10
622,Smart Lock,B99SQ37J,"[{},{},{},{}]",mqtt,2022-09-20
623,Smart Pet Feeder,4X302282,"[{},{},{},{}]",mqtt,2022-10-16
624,Smart Scale,9U4EN0QA,"[{},{},{},{}]",coap,2023-02-15
625,Smart Trash Can,4AF08A12,"[{},{},{},{},{},{}]",http,2022-12-20
626,Smart Pet Feeder,2UBHE9Y7,"[{},{},{},{},{}]",coap,2022-11-09
627,Smart Coffee Maker,96LT8615,"[{},{},{},{},{}]",modbus,2022-10-09
628,Smart TV,VD0J7171,"[{},{},{},{},{},{}]",modbus,2023-02-07
629,Connected Lightbulb,2B0U8J9M,"[{},{},{},{},{}]",http,2023-07-21
630,Smart Speaker,6T613FT5,"[{},{},{},{},{},{}]",modbus,2023-07-21
631,Connected Lightbulb,6X2X1ZFU,"[{},{},{},{},{}]",modbus,2023-06-09
632,Smart Watch,Z4QDBQ9Q,"[{},{},{},{},{},{}]",coap,2023-01-22
633,Smart Lock,TC363076,"[{},{},{},{},{}]",mqtt,2022-12-13
634,Smart Fitness Tracker,I2711606,"[{},{},{},{},{},{}]",mqtt,2022-10-02
635,Smart Coffee Maker,188G6J94,"[{},{},{},{}]",http,2022-11-15
636,Smart Thermostat,D6QBU7VU,"[{},{},{},{}]",coap,2022-10-17
637,Smart Thermostat,4KH8VC36,"[{},{},{},{}]",http,2023-08-11
638,Smart Window Blinds,4CR0L8H1,"[{},{},{},{}]",mqtt,2023-03-23
639,Smart Oven,OKRLCMQX,"[{},{},{},{},{}]",coap,2023-03-28
640,Smart Window Blinds,81P26UY2,"[{},{},{},{}]",http,2023-06-11
641,Smart Humidifier,9Y0W522F,"[{},{},{},{},{}]",http,2023-05-10
642,Smart Humidifier,696XHU0N,"[{},{},{},{},{},{}]",modbus,2022-11-15
643,Smart Lock,88I7FQ7J,"[{},{},{},{}]",modbus,2023-07-02
644,Smart Humidifier,K8AI81O5,"[{},{},{},{}]",mqtt,2022-10-08
645,Smart Plant Monitor,D38WZ810,"[{},{},{},{},{}]",coap,2023-02-01
646,Smart Water Heater,V2778633,"[{},{},{},{}]",mqtt,2023-01-02
647,Smart Sprinkler System,LP07O52R,"[{},{},{},{}]",coap,2023-03-17
648,Smart Vacuum Cleaner,ABOJ9756,"[{},{},{},{}]",mqtt,2023-03-11
649,Smart Garage Door Opener,96K9PN4Y,"[{},{},{},{},{},{}]",modbus,2022-11-20
650,Smart Camera,18M8J3U3,"[{},{},{},{},{}]",coap,2022-09-05
651,Smart Thermostat,6GUX5T0D,"[{},{},{},{},{}]",mqtt,2023-07-24
652,Smart Humidifier,2M05EU19,"[{},{},{},{}]",mqtt,2023-05-31
653,Smart Sprinkler System,616S72Z0,"[{},{},{},{},{}]",mqtt,2022-08-29
654,Smart TV,U2OQ75DS,"[{},{},{},{},{},{}]",http,2023-04-14
655,Smart Trash Can,35256TM7,"[{},{},{},{},{},{}]",mqtt,2023-07-01
656,Smart Scale,183UQK22,"[{},{},{},{}]",modbus,2023-05-07
657,Smart Coffee Maker,OCU9463D,"[{},{},{},{},{}]",http,2022-10-22
658,Smart Door Sensor,TT9PEB5Q,"[{},{},{},{},{},{}]",mqtt,2023-06-28
659,Smart Air Purifier,PU75X48O,"[{},{},{},{},{},{}]",coap,2022-08-24
660,Smart Air Purifier,MXC98Y37,"[{},{},{},{}]",coap,2022-09-28
661,Smart Thermostat,386NL129,"[{},{},{},{},{}]",http,2023-07-13
662,Smart Oven,OU2EUYT2,"[{},{},{},{},{}]",mqtt,2023-06-30
663,Smart TV,840AW72Z,"[{},{},{},{},{}]",modbus,2022-10-30
664,Smart Ceiling Fan,BDJ6L494,"[{},{},{},{}]",coap,2022-09-04
665,Smart Oven,QOPI7IW6,"[{},{},{},{},{}]",mqtt,2023-07-21
666,Smart Window Blinds,5FG3472B,"[{},{},{},{},{}]",mqtt,2023-08-15
667,Smart Watch,Q2KG1K9R,"[{},{},{},{},{},{}]",http,2023-05-03
668,Smart Plant Monitor,3AIA070L,"[{},{},{},{},{},{}]",mqtt,2023-01-02
669,Smart Garage Door Opener,J9V38398,"[{},{},{},{},{},{}]",http,2023-05-06
670,Connected Lightbulb,9545YQF0,"[{},{},{},{},{},{}]",mqtt,2022-12-13
671,Smart Humidifier,O2147MBY,"[{},{},{},{},{}]",coap,2023-05-06
672,Smart Air Purifier,930XAYIF,"[{},{},{},{}]",http,2023-01-26
673,Smart Mirror,G97600D7,"[{},{},{},{}]",coap,2023-05-21
674,Smart Lock,L8N6O691,"[{},{},{},{},{},{}]",coap,2023-01-30
675,Connected Lightbulb,S1IM1ELF,"[{},{},{},{},{},{}]",modbus,2022-12-19
676,Smart Watch,U30ECSTK,"[{},{},{},{},{}]",coap,2023-04-28
677,Smart Alarm Clock,G6X018TW,"[{},{},{},{}]",coap,2023-02-19
678,Smart Smoke Detector,461T81X3,"[{},{},{},{},{},{}]",coap,2023-08-17
679,Smart Watch,39014WI0,"[{},{},{},{}]",mqtt,2022-10-25
680,Smart Thermostat,2Y13PZ1G,"[{},{},{},{},{},{}]",coap,2022-11-02
681,Smart Trash Can,O6U4R28N,"[{},{},{},{},{},{}]",http,2022-12-28
682,Smart Sprinkler System,8374USM1,"[{},{},{},{},{}]",mqtt,2022-09-17
683,Smart Smoke Detector,OT8B3165,"[{},{},{},{},{},{}]",modbus,2022-12-07
684,Smart TV,C228F79O,"[{},{},{},{}]",mqtt,2022-12-06
685,Smart Watch,P84327MJ,"[{},{},{},{},{},{}]",mqtt,2023-01-02
686,Smart Alarm Clock,F342194O,"[{},{},{},{},{}]",coap,2023-06-20
687,Smart Speaker,0B48R5PS,"[{},{},{},{},{},{}]",modbus,2022-08-22
688,Smart Garage Door Opener,BJB0QB3J,"[{},{},{},{},{}]",coap,2023-04-05
689,Smart Garage Door Opener,57N9H0R0,"[{},{},{},{}]",http,2023-01-18
690,Smart Humidifier,10P2IN12,"[{},{},{},{},{}]",modbus,2022-12-28
691,Smart Camera,DW2R9I59,"[{},{},{},{}]",http,2023-06-03
692,Smart Smoke Detector,8RV14297,"[{},{},{},{}]",mqtt,2022-11-04
693,Smart Garage Door Opener,2O8CN0IE,"[{},{},{},{}]",mqtt,2023-07-08
694,Smart Ceiling Fan,35AVRQ4P,"[{},{},{},{},{},{}]",modbus,2022-09-18
695,Smart Humidifier,V977A9L3,"[{},{},{},{},{}]",modbus,2023-05-11
696,Smart Vacuum Cleaner,U061AIEU,"[{},{},{},{},{}]",mqtt,2023-05-04
697,Smart Mirror,Q65SSFLI,"[{},{},{},{}]",modbus,2022-11-01
698,Smart Ceiling Fan,2HG7O1Y6,"[{},{},{},{},{},{}]",modbus,2023-02-03
699,Smart Vacuum Cleaner,G42129KM,"[{},{},{},{}]",modbus,2023-08-15
700,Smart Sprinkler System,KJ48JX9W,"[{},{},{},{},{},{}]",mqtt,2022-08-28
701,Smart Garage Door Opener,X3P50F6V,"[{},{},{},{},{}]",coap,2023-02-02
702,Smart Alarm Clock,MR3CRR9W,"[{},{},{},{},{}]",mqtt,2023-04-22
703,Smart Coffee Maker,49C8604W,"[{},{},{},{},{},{}]",coap,2023-03-15
704,Smart Plug,X9WU1PP1,"[{},{},{},{}]",http,2023-03-09
705,Smart Speaker,26N2J5R6,"[{},{},{},{}]",coap,2022-09-03
706,Smart Alarm Clock,VBLIXDRA,"[{},{},{},{},{}]",coap,2022-08-21
707,Smart Water Heater,73302467,"[{},{},{},{},{},{}]",modbus,2022-08-19
708,Smart Water Heater,1X08PBK6,"[{},{},{},{},{},{}]",coap,2022-09-26
709,Smart Coffee Maker,130N5O0T,"[{},{},{},{},{},{}]",coap,2023-03-22
710,Smart Ceiling Fan,7LR27CBT,"[{},{},{},{},{},{}]",mqtt,2022-10-25
711,Smart Ceiling Fan,848CI0PZ,"[{},{},{},{},{},{}]",http,2023-04-25
712,Smart Doorbell,11639R5G,"[{},{},{},{}]",modbus,2023-03-12
713,Smart Trash Can,1I97T7F0,"[{},{},{},{}]",http,2022-11-20
714,Smart Doorbell,91Q3VB7G,"[{},{},{},{},{},{}]",http,2022-10-23
715,Smart Speaker,20579737,"[{},{},{},{},{},{}]",coap,2023-07-29
716,Smart Watch,102Y8XWP,"[{},{},{},{},{}]",coap,2023-03-01
717,Smart Ceiling Fan,E798O1S9,"[{},{},{},{},{}]",mqtt,2023-05-24
718,Smart Air Purifier,N110X77J,"[{},{},{},{},{},{}]",coap,2023-06-27
719,Smart Smoke Detector,18DPG4NY,"[{},{},{},{},{}]",coap,2022-09-11
720,Smart Ceiling Fan,G8K9359R,"[{},{},{},{}]",http,2023-04-18
721,Smart Speaker,931ZDHXG,"[{},{},{},{},{}]",modbus,2023-01-10
722,Smart Fitness Tracker,2507E8S5,"[{},{},{},{},{}]",mqtt,2022-08-28
723,Smart Oven,CEXKH16W,"[{},{},{},{},{}]",http,2022-10-30
724,Smart Scale,1HWCD86V,"[{},{},{},{}]",modbus,2023-08-11
725,Smart Window Blinds,30M0R48J,"[{},{},{},{},{}]",coap,2022-09-28
726,Smart Refrigerator,OSE5A59B,"[{},{},{},{},{}]",mqtt,2023-07-29
727,Smart Ceiling Fan,KVCMD515,"[{},{},{},{},{},{}]",modbus,2023-04-05
728,Smart Sprinkler System,C0KFY4W7,"[{},{},{},{},{},{}]",mqtt,2023-07-27
729,Smart Humidifier,WA43VG34,"[{},{},{},{},{}]",modbus,2022-09-08
730,Smart Refrigerator,1Y92NQ58,"[{},{},{},{},{},{}]",coap,2022-09-02
731,Smart Alarm Clock,B5A6L061,"[{},{},{},{}]",mqtt,2022-11-15
732,Smart Oven,2G48Z90F,"[{},{},{},{},{},{}]",modbus,2023-07-11
733,Smart Doorbell,15FU0P8E,"[{},{},{},{},{},{}]",http,2023-07-23
734,Smart Fitness Tracker,P39P7EN7,"[{},{},{},{},{},{}]",modbus,2023-04-06
735,Smart Scale,N27EI1XV,"[{},{},{},{},{}]",coap,2022-09-01
736,Smart Lock,73BZT6W6,"[{},{},{},{},{}]",coap,2022-08-18
737,Smart Speaker,7CCPB8VV,"[{},{},{},{}]",coap,2023-05-17
738,Smart Plug,1IJ2AW4R,"[{},{},{},{}]",coap,2023-06-11
739,Smart Plant Monitor,N64572FY,"[{},{},{},{},{}]",http,2023-08-05
740,Smart Alarm Clock,416RC9RP,"[{},{},{},{},{},{}]",http,2022-09-01
741,Smart Trash Can,Z219VBW5,"[{},{},{},{}]",coap,2022-09-28
742,Smart Water Heater,QCRRWEHE,"[{},{},{},{},{}]",mqtt,2023-01-13
743,Smart Water Heater,W8S0A150,"[{},{},{},{},{},{}]",coap,2022-10-18
744,Smart Window Blinds,RO004V82,"[{},{},{},{},{},{}]",mqtt,2022-10-26
745,Smart Plug,D1GD8M59,"[{},{},{},{},{},{}]",mqtt,2023-03-20
746,Smart Plant Monitor,32W63TYS,"[{},{},{},{},{},{}]",coap,2022-11-05
747,Smart Scale,61G719X6,"[{},{},{},{},{}]",coap,2022-10-02
748,Smart Refrigerator,4WF5EC42,"[{},{},{},{}]",mqtt,2022-09-16
749,Smart Camera,3G3707TJ,"[{},{},{},{},{},{}]",mqtt,2022-12-09
750,Smart Plant Monitor,UV775Y31,"[{},{},{},{},{},{}]",mqtt,2023-04-30
751,Smart Watch,59950JN9,"[{},{},{},{},{},{}]",modbus,2022-12-16
752,Smart Lock,33KPQ47Q,"[{},{},{},{},{},{}]",coap,2022-08-23
753,Smart Air Purifier,6Q6ZC362,"[{},{},{},{},{}]",mqtt,2023-04-27
754,Smart Sprinkler System,KK7NM8ME,"[{},{},{},{},{},{}]",mqtt,2022-10-09
755,Smart Trash Can,O13B9105,"[{},{},{},{},{},{}]",modbus,2023-05-11
756,Smart Watch,2T97H05F,"[{},{},{},{}]",modbus,2023-07-17
757,Smart Coffee Maker,N4OGXK2I,"[{},{},{},{}]",http,2022-09-27
758,Smart Door Sensor,7PRJE9Y1,"[{},{},{},{},{},{}]",coap,2022-09-16
759,Smart Vacuum Cleaner,FPW98807,"[{},{},{},{},{},{}]",coap,2022-09-20
760,Smart Scale,955P52F4,"[{},{},{},{},{}]",http,2023-04-12
761,Smart Alarm Clock,6JNXQ000,"[{},{},{},{},{}]",http,2023-03-31
762,Smart Pet Feeder,KM90ZJ3V,"[{},{},{},{},{}]",modbus,2023-02-17
763,Smart Fitness Tracker,55BP95SA,"[{},{},{},{},{},{}]",http,2023-01-26
764,Smart Thermostat,WI27N53F,"[{},{},{},{},{},{}]",modbus,2023-03-11
765,Smart Coffee Maker,4W5ZKMHN,"[{},{},{},{},{},{}]",mqtt,2022-12-15
766,Smart Window Blinds,9XQG31W1,"[{},{},{},{}]",http,2023-07-22
767,Smart Air Purifier,9IHPB4FH,"[{},{},{},{}]",http,2023-05-04
768,Smart Garage Door Opener,9NOT5JY5,"[{},{},{},{},{},{}]",mqtt,2023-04-20
769,Smart Water Heater,M36146ZH,"[{},{},{},{},{},{}]",coap,2022-08-20
770,Smart Alarm Clock,6RO66Z07,"[{},{},{},{},{},{}]",http,2022-10-10
771,Smart Trash Can,MZ6Z8GW7,"[{},{},{},{},{}]",http,2022-11-01
772,Smart Speaker,G38F61DN,"[{},{},{},{}]",mqtt,2022-09-22
773,Smart Vacuum Cleaner,8531YUV3,"[{},{},{},{},{},{}]",mqtt,2022-09-11
774,Smart Trash Can,4E586MJR,"[{},{},{},{}]",modbus,2022-11-09
775,Smart Thermostat,4723CR51,"[{},{},{},{},{}]",mqtt,2023-05-13
776,Smart TV,10081LK7,"[{},{},{},{},{},{}]",modbus,2023-03-15
777,Smart TV,SWX459J5,"[{},{},{},{},{},{}]",mqtt,2023-01-14
778,Smart Scale,7D35WT45,"[{},{},{},{},{},{}]",http,2023-01-17
779,Smart Door Sensor,752A0370,"[{},{},{},{},{},{}]",mqtt,2023-07-02
780,Smart Doorbell,CXEL0018,"[{},{},{},{},{},{}]",modbus,2022-10-21
781,Smart Alarm Clock,45NW3UBQ,"[{},{},{},{},{}]",modbus,2023-01-06
782,Smart Mirror,3H2Y6DV0,"[{},{},{},{},{},{}]",modbus,2023-08-03
783,Smart Air Purifier,PZT6M4S0,"[{},{},{},{},{}]",modbus,2023-01-10
784,Smart TV,E61KI87I,"[{},{},{},{},{},{}]",http,2023-05-30
785,Smart Doorbell,839KC857,"[{},{},{},{},{}]",http,2023-07-14
786,Smart TV,7T16PX42,"[{},{},{},{},{},{}]",coap,2023-04-28
787,Smart Speaker,BVM9L04A,"[{},{},{},{},{}]",coap,2022-11-18
788,Smart Humidifier,08YPMKHH,"[{},{},{},{},{},{}]",http,2023-07-14
789,Smart Speaker,QNDWQ7O5,"[{},{},{},{},{}]",coap,2023-05-04
790,Smart Air Purifier,S1876K1S,"[{},{},{},{},{},{}]",coap,2023-04-27
791,Smart Water Heater,BA26EY2H,"[{},{},{},{},{},{}]",mqtt,2022-09-14
792,Smart Oven,BR5T5TMZ,"[{},{},{},{},{},{}]",http,2023-01-19
793,Smart Ceiling Fan,3698M3W2,"[{},{},{},{},{}]",modbus,2022-09-26
794,Connected Lightbulb,45Y7U1K1,"[{},{},{},{},{}]",mqtt,2023-06-19
795,Smart Plug,946193R6,"[{},{},{},{}]",modbus,2022-10-02
796,Smart Humidifier,BY6F53HS,"[{},{},{},{},{}]",http,2023-01-28
797,Smart Alarm Clock,4X107851,"[{},{},{},{}]",mqtt,2023-01-17
798,Smart Mirror,LM17147O,"[{},{},{},{}]",http,2022-10-17
799,Smart Coffee Maker,G2T90UV2,"[{},{},{},{},{}]",mqtt,2022-09-18
800,Smart Mirror,K790ZLVS,"[{},{},{},{},{}]",http,2023-02-16
801,Smart Ceiling Fan,IT244ZQR,"[{},{},{},{},{},{}]",http,2022-11-09
802,Smart Refrigerator,L92YT65D,"[{},{},{},{},{}]",coap,2022-10-23
803,Smart Coffee Maker,35Y12K9G,"[{},{},{},{},{}]",mqtt,2022-10-07
804,Connected Lightbulb,63T343LE,"[{},{},{},{},{},{}]",mqtt,2022-12-15
805,Smart Humidifier,1SO14207,"[{},{},{},{},{}]",modbus,2023-03-25
806,Smart Garage Door Opener,94FP2R1S,"[{},{},{},{}]",coap,2023-07-01
807,Smart Garage Door Opener,6056XSP5,"[{},{},{},{}]",http,2023-02-07
808,Smart Humidifier,H7164ZN1,"[{},{},{},{},{},{}]",coap,2022-11-06
809,Smart Plug,8JLHUF50,"[{},{},{},{}]",mqtt,2023-05-06
810,Smart Window Blinds,1C534BZL,"[{},{},{},{},{}]",coap,2023-01-31
811,Smart TV,57U517DL,"[{},{},{},{},{},{}]",http,2023-08-17
812,Smart Garage Door Opener,828KIJT4,"[{},{},{},{},{}]",coap,2023-02-10
813,Smart Trash Can,11Z1D7J5,"[{},{},{},{}]",mqtt,2022-10-28
814,Smart Scale,0TO50783,"[{},{},{},{},{},{}]",coap,2022-11-13
815,Smart Thermostat,3TVVF27K,"[{},{},{},{}]",http,2023-05-17
816,Smart Vacuum Cleaner,753HVBR4,"[{},{},{},{},{}]",mqtt,2023-01-31
817,Smart Thermostat,45F3OXC8,"[{},{},{},{},{},{}]",modbus,2022-09-01
818,Smart Scale,UOB6R6VJ,"[{},{},{},{},{},{}]",http,2023-07-04
819,Smart Water Heater,B75USLMW,"[{},{},{},{}]",modbus,2022-12-30
820,Smart Speaker,1I3P7TPH,"[{},{},{},{}]",coap,2023-03-06
821,Smart Plant Monitor,N1289V29,"[{},{},{},{},{}]",mqtt,2023-04-21
822,Smart Smoke Detector,W74C0307,"[{},{},{},{},{}]",coap,2023-06-13
823,Smart Fitness Tracker,61OS67AR,"[{},{},{},{},{},{}]",http,2023-06-15
824,Smart Humidifier,8N10Y36K,"[{},{},{},{}]",modbus,2022-09-18
825,Smart Camera,3VC329F3,"[{},{},{},{}]",modbus,2023-06-26
826,Smart TV,B3M7MX5Z,"[{},{},{},{},{},{}]",http,2023-01-02
827,Smart Smoke Detector,S49Q25T8,"[{},{},{},{},{},{}]",coap,2023-08-08
828,Smart Refrigerator,96VZ3JKI,"[{},{},{},{}]",coap,2023-04-03
829,Smart Window Blinds,8U39OUP8,"[{},{},{},{},{},{}]",modbus,2023-07-06
830,Smart Fitness Tracker,0PL4U2Q5,"[{},{},{},{},{}]",coap,2022-10-24
831,Smart Doorbell,8HBOLSL6,"[{},{},{},{}]",mqtt,2022-11-23
832,Smart Coffee Maker,JJ9344U8,"[{},{},{},{},{}]",mqtt,2022-09-04
833,Smart Oven,O6VQVICQ,"[{},{},{},{},{},{}]",modbus,2022-09-17
834,Smart Refrigerator,Y43BIZ11,"[{},{},{},{},{}]",coap,2023-04-15
835,Smart Smoke Detector,W5Q5ZSNN,"[{},{},{},{},{}]",modbus,2023-04-23
836,Smart Humidifier,CN300D5E,"[{},{},{},{},{}]",http,2022-08-21
837,Smart Garage Door Opener,S0ULOQA6,"[{},{},{},{}]",modbus,2023-06-02
838,Smart Speaker,K7SPR4H6,"[{},{},{},{},{}]",coap,2023-06-26
839,Smart Garage Door Opener,U574H1J4,"[{},{},{},{}]",coap,2022-11-18
840,Smart Mirror,WBV71760,"[{},{},{},{}]",modbus,2023-08-15
841,Smart Coffee Maker,R38YA7SD,"[{},{},{},{},{},{}]",coap,2023-07-06
842,Smart TV,YXXH2WJ4,"[{},{},{},{},{},{}]",modbus,2022-11-28
843,Smart TV,30YI0262,"[{},{},{},{},{}]",mqtt,2023-07-15
844,Connected Lightbulb,74XGL40O,"[{},{},{},{}]",http,2022-11-22
845,Smart Vacuum Cleaner,LWN18I2V,"[{},{},{},{}]",mqtt,2023-02-14
846,Smart Alarm Clock,56732F93,"[{},{},{},{}]",http,2023-05-30
847,Smart Trash Can,9Z62O2T9,"[{},{},{},{},{}]",coap,2022-10-07
848,Smart Speaker,833L2VJO,"[{},{},{},{},{},{}]",coap,2023-06-14
849,Connected Lightbulb,QJVR4066,"[{},{},{},{}]",http,2023-06-18
850,Smart Oven,35145FJA,"[{},{},{},{},{}]",modbus,2022-11-29
851,Smart Air Purifier,5G0WTBDR,"[{},{},{},{},{}]",modbus,2023-01-31
852,Smart Vacuum Cleaner,OZ769F84,"[{},{},{},{},{}]",coap,2023-07-25
853,Smart Coffee Maker,A5L3U971,"[{},{},{},{}]",modbus,2023-01-18
854,Smart Plug,ZB37G56P,"[{},{},{},{},{},{}]",coap,2023-03-20
855,Smart Plug,00H54505,"[{},{},{},{},{}]",http,2023-01-21
856,Smart Trash Can,E6HS166X,"[{},{},{},{}]",coap,2023-06-17
857,Smart Fitness Tracker,W157K8N6,"[{},{},{},{}]",http,2023-01-06
858,Smart Door Sensor,25O05ADN,"[{},{},{},{},{},{}]",http,2023-02-10
859,Smart Door Sensor,4DIHYQI3,"[{},{},{},{},{},{}]",modbus,2023-05-19
860,Smart Sprinkler System,R880AQ56,"[{},{},{},{}]",modbus,2022-11-08
861,Smart Ceiling Fan,L8A0J4EN,"[{},{},{},{},{},{}]",http,2023-07-22
862,Smart Oven,IP64213M,"[{},{},{},{},{},{}]",http,2023-07-12
863,Smart Speaker,NJ7CGSB2,"[{},{},{},{},{}]",coap,2023-02-06
864,Smart TV,5MHK591L,"[{},{},{},{}]",modbus,2022-12-24
865,Smart Air Purifier,OGM4EZ7U,"[{},{},{},{},{}]",modbus,2023-08-02
866,Smart Lock,E9Q315KW,"[{},{},{},{}]",modbus,2023-03-30
867,Smart Refrigerator,01025NU9,"[{},{},{},{},{},{}]",modbus,2022-10-15
868,Smart Alarm Clock,7E90F5I0,"[{},{},{},{},{},{}]",coap,2022-10-30
869,Smart Vacuum Cleaner,1U2WM8U4,"[{},{},{},{},{},{}]",modbus,2023-04-20
870,Smart Refrigerator,4NQF7C67,"[{},{},{},{},{},{}]",http,2023-07-06
871,Smart Plug,8N87968B,"[{},{},{},{}]",modbus,2022-09-10
872,Smart Vacuum Cleaner,1M73OV2B,"[{},{},{},{},{},{}]",http,2022-11-29
873,Smart Fitness Tracker,5EU71ZYV,"[{},{},{},{},{},{}]",coap,2023-01-26
874,Smart Plug,W8843531,"[{},{},{},{}]",http,2023-05-07
875,Smart Mirror,IV261E52,"[{},{},{},{}]",mqtt,2022-11-06
876,Smart Alarm Clock,AFAYG3C1,"[{},{},{},{}]",http,2023-04-28
877,Smart Pet Feeder,V90JH872,"[{},{},{},{}]",coap,2022-10-08
878,Smart Air Purifier,BJV49NEH,"[{},{},{},{},{}]",modbus,2023-02-11
879,Smart Ceiling Fan,B8HXIX59,"[{},{},{},{},{},{}]",http,2023-06-17
880,Smart Mirror,9A0G700A,"[{},{},{},{}]",coap,2023-06-07
881,Smart Fitness Tracker,84O4048J,"[{},{},{},{},{}]",http,2022-11-20
882,Smart Fitness Tracker,BXV35F12,"[{},{},{},{}]",http,2023-08-07
883,Smart Alarm Clock,T70PY0OO,"[{},{},{},{},{}]",modbus,2023-08-17
884,Smart Window Blinds,VKMTE8EM,"[{},{},{},{},{},{}]",coap,2023-08-02
885,Smart Speaker,Z6E9955M,"[{},{},{},{}]",modbus,2022-12-13
886,Smart Speaker,I3EWZN9A,"[{},{},{},{},{},{}]",http,2023-04-25
887,Smart Humidifier,OZ730PG1,"[{},{},{},{}]",modbus,2022-09-17
888,Smart Fitness Tracker,73M4GOLH,"[{},{},{},{}]",coap,2022-09-06
889,Smart Doorbell,EZWBJEFJ,"[{},{},{},{},{}]",modbus,2022-11-24
890,Smart Watch,LAJN56PH,"[{},{},{},{},{}]",coap,2022-11-21
891,Smart Plant Monitor,3978959D,"[{},{},{},{},{},{}]",modbus,2023-05-23
892,Smart Trash Can,Y7NS81R4,"[{},{},{},{}]",mqtt,2023-04-24
893,Smart Vacuum Cleaner,WASR1ABM,"[{},{},{},{},{}]",mqtt,2023-05-16
894,Smart Air Purifier,81NS3RHX,"[{},{},{},{},{},{}]",mqtt,2023-07-26
895,Smart Ceiling Fan,D279TXLP,"[{},{},{},{}]",coap,2023-06-19
896,Smart Speaker,P811H3JI,"[{},{},{},{},{}]",mqtt,2023-03-19
897,Smart Pet Feeder,CI1OIWI5,"[{},{},{},{}]",http,2023-01-25
898,Smart Watch,DK54S664,"[{},{},{},{}]",http,2022-12-11
899,Smart Speaker,87VZ81YI,"[{},{},{},{}]",http,2023-01-25
900,Smart Plant Monitor,2A7WFB4N,"[{},{},{},{},{},{}]",mqtt,2023-08-02
901,Smart Lock,U5WQ12FZ,"[{},{},{},{}]",modbus,2023-05-09
902,Smart Camera,JTF4IP33,"[{},{},{},{}]",http,2023-03-26
903,Smart Doorbell,BU269AZR,"[{},{},{},{}]",modbus,2022-09-06
904,Smart Fitness Tracker,67CQI91J,"[{},{},{},{},{}]",http,2023-04-29
905,Smart Camera,7VRK8MCC,"[{},{},{},{},{},{}]",modbus,2022-08-24
906,Smart Air Purifier,210LSD81,"[{},{},{},{}]",mqtt,2022-12-28
907,Smart Mirror,N2L9P25N,"[{},{},{},{},{},{}]",modbus,2023-02-26
908,Smart Doorbell,6H11BR45,"[{},{},{},{},{}]",http,2022-12-02
909,Smart Window Blinds,AMO452G3,"[{},{},{},{},{},{}]",http,2022-09-21
910,Smart Vacuum Cleaner,T657G575,"[{},{},{},{}]",coap,2022-12-17
911,Smart Window Blinds,324RZ08O,"[{},{},{},{}]",http,2022-08-22
912,Smart Smoke Detector,EKH28O6Q,"[{},{},{},{}]",http,2023-04-05
913,Smart Sprinkler System,1480K8L1,"[{},{},{},{},{}]",modbus,2023-08-03
914,Smart Lock,6F751HYP,"[{},{},{},{},{}]",mqtt,2023-06-16
915,Smart Plug,QZUUWX37,"[{},{},{},{}]",modbus,2022-12-10
916,Smart Trash Can,4113E865,"[{},{},{},{},{}]",mqtt,2023-01-05
917,Smart Garage Door Opener,43YP8BOC,"[{},{},{},{}]",mqtt,2023-01-30
918,Smart Smoke Detector,6W0Q4B76,"[{},{},{},{},{},{}]",modbus,2022-08-20
919,Smart Speaker,63VK0637,"[{},{},{},{},{}]",coap,2023-04-12
920,Smart Doorbell,R3S0878N,"[{},{},{},{},{},{}]",coap,2023-06-09
921,Smart Window Blinds,1N09Z47C,"[{},{},{},{},{},{}]",mqtt,2022-10-26
922,Smart Alarm Clock,9GX7GSY2,"[{},{},{},{}]",coap,2022-08-21
923,Smart Coffee Maker,5037G159,"[{},{},{},{},{}]",http,2022-10-15
924,Smart Garage Door Opener,021D80M2,"[{},{},{},{},{},{}]",mqtt,2022-10-03
925,Smart Plug,8J67IMC5,"[{},{},{},{},{},{}]",coap,2023-07-27
926,Smart Scale,W3CIWZC5,"[{},{},{},{},{}]",mqtt,2022-12-31
927,Smart Humidifier,QUIE6A35,"[{},{},{},{}]",coap,2022-09-25
928,Smart Vacuum Cleaner,88B2309C,"[{},{},{},{},{}]",modbus,2022-12-22
929,Smart Vacuum Cleaner,W891N461,"[{},{},{},{},{},{}]",mqtt,2023-03-19
930,Smart Door Sensor,34004376,"[{},{},{},{}]",modbus,2022-09-30
931,Connected Lightbulb,INF3BN8E,"[{},{},{},{}]",coap,2022-11-04
932,Smart Watch,RKTZ100V,"[{},{},{},{},{},{}]",coap,2023-07-01
933,Smart Camera,2X8R9K24,"[{},{},{},{}]",coap,2023-01-02
934,Smart Doorbell,57CE84KG,"[{},{},{},{},{},{}]",mqtt,2022-09-23
935,Smart Pet Feeder,Y04C3411,"[{},{},{},{},{},{}]",modbus,2023-04-22
936,Smart Mirror,F9FU4Z67,"[{},{},{},{},{},{}]",mqtt,2023-05-22
937,Smart Air Purifier,7W0B4O7X,"[{},{},{},{},{},{}]",mqtt,2022-11-03
938,Smart Doorbell,Y2OL4KET,"[{},{},{},{}]",mqtt,2023-01-13
939,Smart TV,68PFXZWB,"[{},{},{},{},{}]",coap,2022-10-28
940,Smart Doorbell,AAY2K0S4,"[{},{},{},{}]",http,2023-02-13
941,Smart Plant Monitor,DVDE9516,"[{},{},{},{},{}]",mqtt,2022-09-16
942,Smart Speaker,0U1GQ24B,"[{},{},{},{},{}]",modbus,2023-07-10
943,Smart Vacuum Cleaner,0687XWL8,"[{},{},{},{},{},{}]",mqtt,2023-06-25
944,Connected Lightbulb,34K4E6T2,"[{},{},{},{},{},{}]",coap,2022-09-27
945,Smart Pet Feeder,9740X278,"[{},{},{},{},{},{}]",coap,2022-12-19
946,Smart Mirror,1QGQ55C7,"[{},{},{},{},{},{}]",http,2023-07-05
947,Smart Pet Feeder,CZ036G8Y,"[{},{},{},{},{}]",mqtt,2022-11-28
948,Smart Garage Door Opener,DCRRIZ7L,"[{},{},{},{},{},{}]",http,2022-09-20
949,Smart Lock,863T7GK7,"[{},{},{},{}]",http,2022-09-20
950,Smart TV,63GF36B9,"[{},{},{},{}]",mqtt,2023-08-07
951,Smart Smoke Detector,7IF87919,"[{},{},{},{},{}]",mqtt,2023-08-13
952,Smart Lock,E2HFD59E,"[{},{},{},{},{},{}]",coap,2023-06-22
953,Smart Vacuum Cleaner,VV2DK7I1,"[{},{},{},{}]",modbus,2023-07-16
954,Smart Window Blinds,ZY54EXAF,"[{},{},{},{},{},{}]",mqtt,2023-05-26
955,Smart Watch,038Q1Y08,"[{},{},{},{},{}]",mqtt,2023-04-30
956,Smart Thermostat,L30UWA0Q,"[{},{},{},{}]",coap,2023-05-19
957,Smart Lock,L08KYPQ3,"[{},{},{},{}]",coap,2023-04-29
958,Smart Alarm Clock,9V86D9R2,"[{},{},{},{}]",http,2023-04-17
959,Smart Plug,V06V2RDQ,"[{},{},{},{},{}]",coap,2023-03-22
960,Smart Smoke Detector,O0R8G8QQ,"[{},{},{},{},{}]",coap,2023-06-26
961,Smart Watch,9GDV2190,"[{},{},{},{},{}]",mqtt,2023-05-06
962,Connected Lightbulb,189M2VZH,"[{},{},{},{},{}]",mqtt,2023-04-15
963,Smart Fitness Tracker,WJI12129,"[{},{},{},{},{}]",modbus,2023-03-25
964,Smart Scale,4462KC7D,"[{},{},{},{}]",coap,2023-05-23
965,Smart Plug,5V315PZU,"[{},{},{},{},{},{}]",http,2023-07-20
966,Smart Humidifier,1OI273P7,"[{},{},{},{}]",http,2023-04-27
967,Smart Alarm Clock,VLTJM580,"[{},{},{},{},{}]",mqtt,2023-01-15
968,Smart Air Purifier,9184392L,"[{},{},{},{},{},{}]",coap,2023-01-14
969,Smart Lock,CJ2UVR94,"[{},{},{},{}]",http,2023-06-20
970,Smart Lock,IJU5G6R8,"[{},{},{},{},{}]",coap,2023-05-19
971,Smart Window Blinds,2NZ0585M,"[{},{},{},{}]",modbus,2023-07-21
972,Smart TV,3U6A367B,"[{},{},{},{},{}]",mqtt,2022-12-25
973,Smart Lock,4RR5Q1V4,"[{},{},{},{}]",coap,2023-01-02
974,Smart Ceiling Fan,QTV066VY,"[{},{},{},{},{}]",coap,2023-07-04
975,Smart Watch,7EH53YGE,"[{},{},{},{}]",coap,2023-01-02
976,Smart Oven,02V0X6A4,"[{},{},{},{},{}]",modbus,2023-06-13
977,Smart Scale,A016YVN7,"[{},{},{},{},{},{}]",mqtt,2023-06-01
978,Smart Refrigerator,JWAGSDP9,"[{},{},{},{},{},{}]",coap,2023-03-07
979,Smart Door Sensor,T3WGO8YH,"[{},{},{},{},{},{}]",coap,2022-10-16
980,Smart Vacuum Cleaner,4513F6BQ,"[{},{},{},{}]",mqtt,2023-03-02
981,Smart Speaker,EJ6LYL07,"[{},{},{},{}]",mqtt,2023-02-06
982,Smart Watch,JLE9J9I5,"[{},{},{},{},{},{}]",http,2022-12-14
983,Smart Garage Door Opener,S1962P7Y,"[{},{},{},{}]",mqtt,2022-09-29
984,Smart Speaker,U77NU5I5,"[{},{},{},{},{},{}]",modbus,2023-07-06
985,Connected Lightbulb,5FSUG93W,"[{},{},{},{},{}]",mqtt,2023-06-26
986,Smart Sprinkler System,WNNP2V27,"[{},{},{},{},{},{}]",http,2023-04-05
987,Smart Mirror,0S44C5HR,"[{},{},{},{},{},{}]",http,2022-12-21
988,Smart Smoke Detector,6804E26G,"[{},{},{},{},{},{}]",coap,2022-12-30
989,Smart Air Purifier,18S2N23A,"[{},{},{},{},{},{}]",modbus,2023-05-10
990,Smart Sprinkler System,QCD1IS1H,"[{},{},{},{},{}]",mqtt,2023-06-14
991,Smart Sprinkler System,K7TKQJ7V,"[{},{},{},{}]",mqtt,2023-07-19
992,Smart Plant Monitor,9C83GE01,"[{},{},{},{},{}]",mqtt,2023-01-04
993,Smart Humidifier,K45H40UQ,"[{},{},{},{}]",coap,2023-02-20
994,Smart Lock,4QIW0UMO,"[{},{},{},{},{}]",mqtt,2023-06-06
995,Smart Doorbell,IDZ0E269,"[{},{},{},{},{},{}]",http,2022-11-08
996,Smart Sprinkler System,3PO0GF41,"[{},{},{},{},{}]",coap,2023-08-06
997,Smart Ceiling Fan,8683UW00,"[{},{},{},{},{},{}]",http,2023-02-19
998,Smart Plug,R70XH8RE,"[{},{},{},{}]",http,2022-12-10
999,Smart Speaker,36H4NLJ4,"[{},{},{},{},{}]",coap,2022-09-26
1000,Smart Plug,ISI8U7A8,"[{},{},{},{},{}]",coap,2023-05-19
